projectItemId,contentType,repository,issueNumber,title,state,projectStatus,labels,assignees,milestone,createdAt,updatedAt,closedAt,issueUrl,bodyHash,bodyExcerpt
PVTI_lADOB5z1484Akea5zgQwZFc,ISSUE,AV-EFI/frontend,9,Filmidentifikatorenansicht & Redaktionssystem:: Als MA einer filmhaltenden Institution möchte ich Seiten zur Projektvorstellung und die Landing Page redaktionell bearbeiten können  (User Story ID 10),OPEN,Temporary TODO List,,steffolino,,2024-06-20T09:41:15Z,2025-08-12T13:32:09Z,,https://github.com/AV-EFI/frontend/issues/9,5debb997d7dfea884d276ad8414342240dc06ddd10e226ec29ac2f92ada2f3f1,User Story ID: 10 Epic: Filmidentifikatorenansicht & Redaktionssystem Pflicht laut Antrag? Minimaler Aufwand (vgl. AV-Portal Nuxt Content) ┆Issue is synchronized with this [Trello card](https://trello.com/c/MmyIrPO7) by [Unito](https://www.unito.io)
PVTI_lADOB5z1484Akea5zghZlGg,ISSUE,AV-EFI/AVefi-Issues,58,Redaktionelle Bearbeitung von Datensätzen,OPEN,Temporary TODO List,SHOULDHAVE,steffolino,Public Release,2025-11-18T19:12:19Z,2025-11-18T19:23:12Z,,https://github.com/AV-EFI/AVefi-Issues/issues/58,f71a22bcc0cae2d440b99e4dedaf0739c994ef5d1d092379b56cf7e3ace63c35,Als MA einer filmhaltenden Institution möchte ich Datensätze redaktionell bearbeiten können. Status: • UI existiert im geschützten Bereich • Nicht aktiv Was fehlt: • Backend • Rollenmodell • Logging • Persistenz Team-Entscheidung: • Gehört dies zum Public Release?
PVTI_lADOB5z1484Akea5zghZlGo,ISSUE,AV-EFI/AVefi-Issues,60,Datenherkunft / Herausgeber anzeigen,OPEN,Temporary TODO List,,steffolino,Public Release,2025-11-18T19:04:20Z,2025-11-18T19:23:13Z,,https://github.com/AV-EFI/AVefi-Issues/issues/60,1dd46d46f388df5af5ed99718ca346fa3f154feea76da94571de226f7634b74c,"Als Benutzer*in möchte ich klar erkennen, welche Institution Daten geliefert hat, um Vertrauen und Herkunft besser beurteilen zu können. Status: • Herausgeber wird angezeigt (Manifestation + Item) • Darstellung konsistent Was fehlt: • Einheitliche Benennung (DE/EN) • Optional: Seite „Datenlieferanten“ Team-Entscheidung: • Soll eine Übersicht aller Lieferanten erstellt werden?"
PVTI_lADOB5z1484Akea5zghZlGs,ISSUE,AV-EFI/AVefi-Issues,61,Ähnliche Datensätze / Empfehlungssystem,OPEN,Temporary TODO List,Filmrecherche,steffolino,Public Release,2025-11-18T19:04:09Z,2025-11-18T19:23:13Z,,https://github.com/AV-EFI/AVefi-Issues/issues/61,533c271643b43e5017f603c13a254fd3fa05937f3382993a3e53ab5d15c7ccb1,"Als Benutzer*in möchte ich ähnliche Datensätze sehen, damit ich schneller verwandte Inhalte finde. Status: • Nicht vorhanden Was fehlt: • Regelwerk für Ähnlichkeit (Jahr, Regie, Schlagwörter etc.) • UI-Block für Empfehlungen • Entscheidung: im Launch oder später? Team-Entscheidung: • Aktivieren? • Oder nur vorbereiten?"
PVTI_lADOB5z1484Akea5zghZlGw,ISSUE,AV-EFI/AVefi-Issues,62,Tektonik der Manifestationen anzeigen,OPEN,Temporary TODO List,SHOULDHAVE; Filmrecherche,steffolino,Public Release,2025-11-18T19:03:54Z,2025-11-18T19:23:14Z,,https://github.com/AV-EFI/AVefi-Issues/issues/62,ca5ec0bfc77cb4b158837b6c4a68e9ee5d8e489629c5cd8223a7bf5efa648162,"Als Benutzer*in möchte ich die Struktur eines Werks (Werk → Manifestation → Item) verstehen, um die Daten korrekt zu interpretieren. Status: • Implizit sichtbar (Accordion) • Keine erklärende Darstellung Was fehlt: • Sichtbare Tektonik-Sektion • Optional: Kurztext/Tooltip • Klarere Abgrenzung Manifestation vs. Item Team-Entscheidung: • Reicht ein Mikrotipp? • Oder separater Abschnitt?"
PVTI_lADOB5z1484Akea5zghZlG0,ISSUE,AV-EFI/AVefi-Issues,63,Filmrecherche – gezielte Suche (EPIC),OPEN,Temporary TODO List,Filmrecherche,steffolino,Public Release,2025-11-18T19:02:34Z,2025-11-18T19:23:14Z,,https://github.com/AV-EFI/AVefi-Issues/issues/63,04c8db954bf39c0f0d72bb8360911ad19beb82d3d522727364c6c6c71d839b06,"Die Filmrecherche bildet den Kern der AVefi-Plattform. Dieses Epic umfasst: • Suche (Fuzzy / Exact) • Facetten • Preview / Trefferliste • Sortierung • Tektonik (Werk → Manifestation → Item) • „Ähnliche Datensätze“ • Mehrsprachigkeit • Datenherkunft / Herausgeber • Redaktioneller Kontext (nur relevant, wenn Suche betroffen) Alle Sub-Stories werden als eigenständige Issues angelegt und mit diesem EPIC verknüpft."
PVTI_lADOB5z1484Akea5zgni7zE,ISSUE,AV-EFI/AVefi-Issues,185,ACCESS-01: Seite zur Erklärung Barrierefreiheit,CLOSED,Done,,JStratil,,2026-03-16T11:22:34Z,2026-05-18T19:35:34Z,2026-05-18T19:35:34Z,https://github.com/AV-EFI/AVefi-Issues/issues/185,fb0ba44aa81d0435a484004e955bcde86f27c27149c9e9c51c4a88b56acdcbab,### User Story Vorlage: https://gwdg.de/about-us/company-internal-regulations/accessible-it/ --> In den Footer mit aufnehmen ### Kontext Bitte fülle die folgenden Abschnitte aus falls Anpassungen erforderlich sind. ### Akzeptanzkriterien Bitte fülle die folgenden Abschnitte aus falls Anpassungen erforderlich sind. ### Technische Notizen / Implementation Hints _No response_ ### Qualitäts-Checks _No response_ ### Testfälle (optional) _No response_ ### Referenzen / Links _No response_
PVTI_lADOB5z1484Akea5zgh0sjc,ISSUE,AV-EFI/AVefi-Issues,110,LG-03: Sprachabhängige Sortierung und Fuzzy-Suche,CLOSED,Done,MUSTHAVE,steffolino; EOltmanns,,2025-11-19T18:39:27Z,2026-02-24T08:01:51Z,2026-02-24T08:01:28Z,https://github.com/AV-EFI/AVefi-Issues/issues/110,4637874102cd26d96e57f2306c5a244f13a2c120c507bf55a2b9942b7b1fc8aa,"LG-03: Sprachabhängige Sortierung und Fuzzy-Suche <!-- This issue will be created in repo AV-EFI/AVefi-Issues (https://github.com/AV-EFI/AVefi-Issues). Changing this line has no effect. --> Assignees: Labels: UserStory, Epic:Mehrsprachigkeit, Search, UNSCHARF Milestone: Projects: AV-EFI/1 # User Story Als Nutzer*in möchte ich Suchergebnisse in der Sprache sortiert haben, die ich ausgewählt habe damit alphabetische Reihenfolgen sinnvoll sind. # Kontext - Fuzzy-Search kann mehrsprachige Felder unt"
PVTI_lADOB5z1484Akea5zgQwY7I,ISSUE,AV-EFI/frontend,6,Allgemein: Als Benutzer*in möchte ich allgemeine und rechtliche Informationen über die Seite und das Projekt einsehen können (User Story ID 45),OPEN,Highest Prio,,steffolino,,2024-06-20T09:41:17Z,2025-08-12T13:31:22Z,,https://github.com/AV-EFI/frontend/issues/6,904f17c25a620cf16bdaeacfbace5837554aac405bd72f774d0419d2ae331fd3,"User Story ID: 45 Epic: Allgemein Pflicht: Förderungen, Sponsoren, Impressum, Cookie-Banner, … ┆Issue is synchronized with this [Trello card](https://trello.com/c/vExYCUmR) by [Unito](https://www.unito.io)"
PVTI_lADOB5z1484Akea5zgQwZFg,ISSUE,AV-EFI/frontend,8,Filmrecherche: Als Benutzer*in möchte ich semantische Verknüpfungen / Beziehungen zwischen den Datensätzen visuell angezeigt bekommen  (User Story ID 42),OPEN,Highest Prio,,steffolino,,2024-06-20T09:41:16Z,2025-08-12T13:31:48Z,,https://github.com/AV-EFI/frontend/issues/8,13f658ad14c50a48ae83801dd4b3d3d23a74a73f379240ba0cb62b378695f5b1,"User Story ID: 42 Epic: Filmrecherche Suche nach Schlagworten MUST HAVE; Graph-Darstellung: optional; Innerhalb der User Story nochmal Umfang Visualisierung priorisieren (--> September WS); Vorschlag ""Ähnliche Filme"" wie in AV-Portal nochmal besprechen; eventuell Ergebnisse aus EPT2 ┆Issue is synchronized with this [Trello card](https://trello.com/c/CDhEnPRf) by [Unito](https://www.unito.io)"
PVTI_lADOB5z1484Akea5zgQwZFk,ISSUE,AV-EFI/frontend,7,"Performance: Als Benutzer*in erwarte ich, dass die Anwendung schnelle und reaktionsschnelle Suchergebnisse liefert, auch bei großen Datenmengen  (User Story ID 32)",OPEN,Highest Prio,,steffolino,,2024-06-20T09:41:16Z,2025-08-12T13:31:35Z,,https://github.com/AV-EFI/frontend/issues/7,f478f746f91791035b1a06ac5c2748116fc8dd3952930f3b0340edf1aca43fc2,User Story ID: 32 Epic: Performance Best Practice UX ┆Issue is synchronized with this [Trello card](https://trello.com/c/c7QHZ817) by [Unito](https://www.unito.io)
PVTI_lADOB5z1484Akea5zgQwZFs,ISSUE,AV-EFI/AVefi-Issues,33,Filmrecherche: Als Benutzer*in möchte ich Medien (Filme) zitieren können  (User Story ID 6),CLOSED,Done,WONTHAVE; Filmrecherche,,,2024-06-20T09:41:18Z,2025-11-27T18:14:00Z,2025-11-27T18:14:00Z,https://github.com/AV-EFI/AVefi-Issues/issues/33,8c06ad3f2808a606452003b89a9ddd370756be7b4d11a3750336817bf9b00fe1,User Story ID: 6 Epic: Filmrecherche Zitation nur PID-Handle? ┆Issue is synchronized with this [Trello card](https://trello.com/c/iz4Q3XSS) by [Unito](https://www.unito.io)
PVTI_lADOB5z1484Akea5zgh9BS8,ISSUE,AV-EFI/AVefi-Issues,159,SEO-03: Technische Umsetzung SEO,CLOSED,Done,SEO,steffolino,Public Release,2025-12-01T17:15:03Z,2026-05-05T05:31:36Z,2026-03-19T07:42:50Z,https://github.com/AV-EFI/AVefi-Issues/issues/159,407918319fd7adcc5d8a48391dce1e2b4fdaa7815bec708e6c40d7619f678a34,"Technische SEO in Nuxt 4 implementieren (Sitemap, Robots, JSON-LD) Als Entwickler*in möchte ich eine robuste technische SEO-Konfiguration haben, damit Suchmaschinen und KI-Systeme AVefi-Seiten korrekt crawlen, indexieren und interpretieren können. Kontext Nuxt 4 bietet moderne SEO-Funktionen, aber die Konfiguration ist noch unvollständig: Robots.txt blockiert aktuell alles (Warnung beim Build) Sitemap ist unvollständig Keine canonical URLs Werk-/Manifestations-/Item-Seiten enthalten kein JSON-LD"
PVTI_lADOB5z1484Akea5zgQwZF0,ISSUE,AV-EFI/frontend,5,"Filmrecherche: Als Benutzer*in möchte ich meine Suchpräferenzen anpassen können (z. B. Sortieroptionen, Standardfilter)  (User Story ID 28)",OPEN,Highest Prio,,steffolino,,2024-06-20T09:41:19Z,2025-08-12T13:31:10Z,,https://github.com/AV-EFI/frontend/issues/5,89e9226b59a852386f3831f02617e5e477df373318046a82790e96513e5edc60,User Story ID: 28 Epic: Filmrecherche ┆Issue is synchronized with this [Trello card](https://trello.com/c/aVAnVzxg) by [Unito](https://www.unito.io)
PVTI_lADOB5z1484Akea5zgQwZF8,ISSUE,AV-EFI/AVefi-Issues,35,Filmidentifikatorenansicht & Redaktionssystem:: Als MA einer filmhaltenden Institution möchte ich Datensätze redaktionell bearbeiten  (User Story ID 4),CLOSED,Done,COULDHAVE; Filmidentifikatorenansicht & Redaktionssystem,,,2024-06-20T09:41:20Z,2025-11-27T18:14:00Z,2025-11-27T18:14:00Z,https://github.com/AV-EFI/AVefi-Issues/issues/35,b1dac5d4ff98e0aad7d3c23e8518745e6b8d27519e474235fb92c6fe5b8680a2,User Story ID: 4 Epic: Filmidentifikatorenansicht & Redaktionssystem ┆Issue is synchronized with this [Trello card](https://trello.com/c/fh7Rm0Br) by [Unito](https://www.unito.io)
PVTI_lADOB5z1484Akea5zgQwZGA,ISSUE,AV-EFI/AVefi-Issues,36,"Filmrecherche: Als eine nicht-deutsche Benutzer*in möchte ich ""Multi-Language"" Support  (User Story ID 21)",CLOSED,Done,COULDHAVE; Filmrecherche,,,2024-06-20T09:41:21Z,2025-11-27T18:14:00Z,2025-11-27T18:14:00Z,https://github.com/AV-EFI/AVefi-Issues/issues/36,73d637e91972483ce701b6be12cf89c7f3ba1c2bbc353e6ddbf5240bbbd7a539,User Story ID: 21 Epic: Filmrecherche ┆Issue is synchronized with this [Trello card](https://trello.com/c/vF2Rehov) by [Unito](https://www.unito.io)
PVTI_lADOB5z1484Akea5zgQwZGI,ISSUE,AV-EFI/AVefi-Issues,37,"Filmrecherche: Als Benutzer*in möchte ich sehen, welche Daten-Quellen bzw. Herausgeber Daten bei AVefi bereitstellen  (User Story ID 43)",CLOSED,Done,SHOULDHAVE; Filmrecherche,,,2024-06-20T09:41:22Z,2025-11-27T18:14:01Z,2025-11-27T18:14:01Z,https://github.com/AV-EFI/AVefi-Issues/issues/37,edff3df5b8488f0dd1b3486eeaabc4282b711d63f837f4ce55ae182b2fee90e2,User Story ID: 43 Epic: Filmrecherche ┆Issue is synchronized with this [Trello card](https://trello.com/c/ZnPu6nuO) by [Unito](https://www.unito.io)
PVTI_lADOB5z1484Akea5zgQwZGM,ISSUE,AV-EFI/AVefi-Issues,38,Filmrecherche: Als Benutzer*in möchte ich Suchverläufe speichern und wieder aufrufen können  (User Story ID 47),CLOSED,Done,WONTHAVE; Filmrecherche,,,2024-06-20T09:41:22Z,2025-11-27T18:14:01Z,2025-11-27T18:14:01Z,https://github.com/AV-EFI/AVefi-Issues/issues/38,b341a10348b6dcbaa15de2460cf47fad1122b1cb28ee1340f224b0af97a18a9b,User Story ID: 47 Epic: Filmrecherche ┆Issue is synchronized with this [Trello card](https://trello.com/c/V9aQ5OfS) by [Unito](https://www.unito.io)
PVTI_lADOB5z1484Akea5zgQwZGQ,ISSUE,AV-EFI/AVefi-Issues,39,Filmrecherche: Als Benutzer*in möchte ich Querverbindungen und Verweise direkt einsehen und nutzen können  (User Story ID 23),CLOSED,Done,SHOULDHAVE; Filmrecherche,,,2024-06-20T09:41:23Z,2025-11-27T18:14:01Z,2025-11-27T18:14:01Z,https://github.com/AV-EFI/AVefi-Issues/issues/39,21f580e4dc35b114ded8b51e0fc0fb90606e8bf85e107f1ada19bc99c9c83254,User Story ID: 23 Epic: Filmrecherche ┆Issue is synchronized with this [Trello card](https://trello.com/c/WfkNL6uN) by [Unito](https://www.unito.io)
PVTI_lADOB5z1484Akea5zgQwZGU,ISSUE,AV-EFI/AVefi-Issues,40,Filmanzeige: Als Benutzer*in möchte ich möglichst schnell zum Quell-Datensatz gelangen (User Story ID 20),CLOSED,Done,SHOULDHAVE; Filmanzeige,,,2024-06-20T09:41:24Z,2025-11-27T18:14:02Z,2025-11-27T18:14:02Z,https://github.com/AV-EFI/AVefi-Issues/issues/40,c075f2c4c7e1ebb06adec564ac779d856e1a570170571eee9aaeaf59998dadb1,User Story ID: 20 Epic: Filmanzeige ┆Issue is synchronized with this [Trello card](https://trello.com/c/7fsAhhwT) by [Unito](https://www.unito.io)
PVTI_lADOB5z1484Akea5zgQwZGY,ISSUE,AV-EFI/AVefi-Issues,41,Filmrecherche: Als Benutzer*in möchte ich zwei oder mehrere Datensätze (Werk-Manifestation-Item) auf ihre Ähnlichkeit prüfen (User Story ID 1),CLOSED,Done,SHOULDHAVE; Filmrecherche,,,2024-06-20T09:41:25Z,2025-11-27T18:14:02Z,2025-11-27T18:14:02Z,https://github.com/AV-EFI/AVefi-Issues/issues/41,b33c35072a738905dad20a8fd93c0c686f2d768e83d5ed4300407046e3b3c886,User Story ID: 1 Epic: Filmrecherche MUST HAVE ┆Issue is synchronized with this [Trello card](https://trello.com/c/mCAq96NE) by [Unito](https://www.unito.io)
PVTI_lADOB5z1484Akea5zgQwZGg,ISSUE,AV-EFI/AVefi-Issues,42,Filmrecherche: Als Benutzer*in möchte ich einen Überblick über die Tektonik der Manifestationen zu einem Werk sehen  (User Story ID 50),CLOSED,Done,SHOULDHAVE; Filmrecherche,,,2024-06-20T09:41:26Z,2025-11-27T18:14:03Z,2025-11-27T18:14:03Z,https://github.com/AV-EFI/AVefi-Issues/issues/42,2dc6457ceb282adeff97b878cc3c6b7e594b0aaad66ee3f32ec35f514e9f4ae7,User Story ID: 50 Epic: Filmrecherche ┆Issue is synchronized with this [Trello card](https://trello.com/c/uk2VdL60) by [Unito](https://www.unito.io)
PVTI_lADOB5z1484Akea5zgQwZGo,ISSUE,AV-EFI/AVefi-Issues,43,PID-Verwaltung: Als MA einer filmhaltenden Institution möchte ich eine PID für einen Film-Metadatensatz abfragen  (User Story ID 13),CLOSED,Done,MUSTHAVE; PID Verwaltung; PUBLIC-RELEASE,steffolino; bingert; EOltmanns,,2024-06-20T09:41:26Z,2025-11-27T12:47:50Z,2025-11-27T12:47:50Z,https://github.com/AV-EFI/AVefi-Issues/issues/43,59a8fa58d5276fe9b2683f892a3706fa90819142d65c9e404542e2181e53c416,User Story ID: 13 Epic: PID-Verwaltung MUST HAVE ┆Issue is synchronized with this [Trello card](https://trello.com/c/QrGZApm7) by [Unito](https://www.unito.io)
PVTI_lADOB5z1484Akea5zgQwZGw,ISSUE,AV-EFI/AVefi-Issues,44,"Filmrecherche: Als Benutzer*in möchte ich schnell einsehen können, von welcher Institution/welchen Institutionen ein Metadatensatz stammt (User Story ID 41)",CLOSED,Done,SHOULDHAVE; Filmrecherche,,,2024-06-20T09:41:27Z,2025-11-27T18:14:03Z,2025-11-27T18:14:03Z,https://github.com/AV-EFI/AVefi-Issues/issues/44,72c07cf43e9521cb8fb99144ce1c0ccb072537943a5e3f4251692ddfd368a7f8,User Story ID: 41 Epic: Filmrecherche ┆Issue is synchronized with this [Trello card](https://trello.com/c/FTXjfzvD) by [Unito](https://www.unito.io)
PVTI_lADOB5z1484Akea5zgQwZG0,ISSUE,AV-EFI/AVefi-Issues,45,Filmidentifikatorenansicht & Redaktionssystem:: Als MA einer filmhaltenden Institution möchte ich Duplikate von Filmen ausfindig machen können  (User Story ID 25),CLOSED,Done,SHOULDHAVE; Filmidentifikatorenansicht & Redaktionssystem,,,2024-06-20T09:41:28Z,2025-11-27T18:14:03Z,2025-11-27T18:14:03Z,https://github.com/AV-EFI/AVefi-Issues/issues/45,26247f43d0be85559207b3ac554b3ea21a9dea5b035a95ddf9f053a8f9c460ab,User Story ID: 25 Epic: Filmidentifikatorenansicht & Redaktionssystem ┆Issue is synchronized with this [Trello card](https://trello.com/c/Xw1cRZcR) by [Unito](https://www.unito.io)
PVTI_lADOB5z1484Akea5zgQwZG4,ISSUE,AV-EFI/AVefi-Issues,46,PID-Verwaltung: Als MA einer filmhaltenden Institution möchte ich eine PID für einen Film-Metadatensatz erstellen (registrieren)  (User Story ID 12),OPEN,Highest Prio,SHOULDHAVE; PID Verwaltung,steffolino; bingert; EOltmanns,,2024-06-20T09:41:29Z,2025-11-26T13:43:58Z,,https://github.com/AV-EFI/AVefi-Issues/issues/46,241970ff41678b1244a2b074ea007f87c5a7883171314559caf3637caf8774c1,User Story ID: 12 Epic: PID-Verwaltung Eventuell für False positive matching; nicht relevant für Frontend WONT (?) ┆Issue is synchronized with this [Trello card](https://trello.com/c/WDfPUEJX) by [Unito](https://www.unito.io)
PVTI_lADOB5z1484Akea5zgQwZHA,ISSUE,AV-EFI/frontend,4,Filmanzeige: Als Benutzer*in möchte ich Datensätze mit allen relevanten Informationen einsehen können  (User Story ID 5),OPEN,Highest Prio,,steffolino,,2024-06-20T09:41:30Z,2025-08-12T13:30:56Z,,https://github.com/AV-EFI/frontend/issues/4,ee6983c175296250f2a6080b0a9f85a02759979e9c32fff38e4f014afd52f508,User Story ID: 5 Epic: Filmanzeige MUST ┆Issue is synchronized with this [Trello card](https://trello.com/c/GZzhcNE6) by [Unito](https://www.unito.io)
PVTI_lADOB5z1484Akea5zgQwZHI,ISSUE,AV-EFI/frontend,3,Filmanzeige: Als Benutzer*in möchte ich zwischen einer Kurz- und einer Detailansicht eines Datensatzes wechseln können  (User Story ID 9),OPEN,Highest Prio,,steffolino,,2024-06-20T09:41:31Z,2025-08-12T13:30:41Z,,https://github.com/AV-EFI/frontend/issues/3,cd2f20bd336163ae9fda35131b2112bec0979b7927941ed85d7912f2c6edcd61,User Story ID: 9 Epic: Filmanzeige ┆Issue is synchronized with this [Trello card](https://trello.com/c/YIKTvEPU) by [Unito](https://www.unito.io)
PVTI_lADOB5z1484Akea5zgQwZHM,ISSUE,AV-EFI/AVefi-Issues,49,Filmidentifikatorenansicht & Redaktionssystem:: Als MA einer filmhaltenden Institution möchte ich zwei oder mehrere Datensätze (Werk-Manifestation-Item) auf ihre Ähnlichkeit prüfen  (User Story ID 24),OPEN,Highest Prio,B L O C K E D; SHOULDHAVE; Filmidentifikatorenansicht & Redaktionssystem,steffolino; bingert; EOltmanns,,2024-06-20T09:41:32Z,2025-11-26T13:26:40Z,,https://github.com/AV-EFI/AVefi-Issues/issues/49,f2a715b2dd257e44a185e5c70ff3faa34ff4cc62d59c75cb0b4768103c75bbc8,User Story ID: 24 Epic: Filmidentifikatorenansicht & Redaktionssystem bedingt andere User Stories? ┆Issue is synchronized with this [Trello card](https://trello.com/c/Z6XOONL7) by [Unito](https://www.unito.io)
PVTI_lADOB5z1484Akea5zgQwZHQ,ISSUE,AV-EFI/AVefi-Issues,50,"Filmidentifikatorenansicht & Redaktionssystem:: Als MA einer filmhaltenden Institution möchte ich bei widersprüchlichen Metadaten zu einem Objekt entscheiden können, welche Metadaten übernommen werden sollen  (User Story ID 40)",OPEN,Highest Prio,SHOULDHAVE; Filmidentifikatorenansicht & Redaktionssystem,steffolino; bingert; EOltmanns,,2024-06-20T09:41:32Z,2025-11-26T19:44:03Z,,https://github.com/AV-EFI/AVefi-Issues/issues/50,1c55c9829e0929dccb1f78263fe446b0c8284e4b97d615fa359da884ec490a58,User Story ID: 40 Epic: Filmidentifikatorenansicht & Redaktionssystem bedingt andere User Stories? ┆Issue is synchronized with this [Trello card](https://trello.com/c/XmbvXFwu) by [Unito](https://www.unito.io)
PVTI_lADOB5z1484Akea5zgQwZHY,ISSUE,AV-EFI/frontend,2,"Filmrecherche: Als Benutzer*in möchte ich die Möglichkeit haben, Suchergebnisse oder kuratierte Listen von Filmen in verschiedene Formate (z. B. CSV, PDF, JSON) zu exportieren  (User Story ID 34)",OPEN,Highest Prio,,steffolino,,2024-06-20T09:41:33Z,2025-08-12T13:30:27Z,,https://github.com/AV-EFI/frontend/issues/2,da88529d50a4087061a8dc3b0f1b3f7818a795175a5bc940ae6791a3f56cf2e4,"User Story ID: 34 Epic: Filmrecherche JSON, CSV (flattened, Vorschlag von SDK?), bibtex (extra Arbeit): wo, wer, für was?; nochmal definieren, formate besprechen (WS September [?]); Feature MUST, einzelne Formate SHOULD oder weniger ┆Issue is synchronized with this [Trello card](https://trello.com/c/K8Syw6RO) by [Unito](https://www.unito.io)"
PVTI_lADOB5z1484Akea5zgQwZHc,ISSUE,AV-EFI/AVefi-Issues,52,Filmidentifikatorenansicht & Redaktionssystem:: Als MA einer filmhaltenden Institution möchte ich Daten übernehmen können  (User Story ID 7),OPEN,Highest Prio,B L O C K E D; SHOULDHAVE; Filmidentifikatorenansicht & Redaktionssystem,steffolino; bingert; EOltmanns,,2024-06-20T09:41:35Z,2025-11-26T19:43:11Z,,https://github.com/AV-EFI/AVefi-Issues/issues/52,a23364abfb4211c18cdb3ab7291856d60429d9b63233a77849ff714f82cc338e,"User Story ID: 7 Epic: Filmidentifikatorenansicht & Redaktionssystem ""Automatisierung"" ┆Issue is synchronized with this [Trello card](https://trello.com/c/7w89yYoe) by [Unito](https://www.unito.io)"
PVTI_lADOB5z1484Akea5zgQwZHg,ISSUE,AV-EFI/frontend,1,Filmrecherche: Als Benutzer*in möchte ich das Suchergebnis mittels Filtern verfeinern  (User Story ID 3),OPEN,Highest Prio,,steffolino,,2024-06-20T09:41:36Z,2025-08-12T13:28:52Z,,https://github.com/AV-EFI/frontend/issues/1,34e41ec1bc905463301c03807fd2719bd08f64850ae5025d1d8b9b90ad617a12,User Story ID: 3 Epic: Filmrecherche ┆Issue is synchronized with this [Trello card](https://trello.com/c/UXJHm8JS) by [Unito](https://www.unito.io)
PVTI_lADOB5z1484Akea5zgQwZuQ,ISSUE,AV-EFI/frontend,12,Filmidentifikatorenansicht & Redaktionssystem:: Als MA einer filmhaltenden Institution möchte ich zwei oder mehrere Datensätze (Werk-Manifestation-Item) auf ihre Ähnlichkeit prüfen  (User Story ID 24),OPEN,Highest Prio,,steffolino,,2024-06-20T09:40:48Z,2025-08-12T13:32:50Z,,https://github.com/AV-EFI/frontend/issues/12,2ca9dc1a730888bf9e407cb4b321705fa0ef0c91f8862659c33eca98cb81ce24,| bedingt andere User Stories? | |------------------------------| ┆Issue is synchronized with this [Trello card](https://trello.com/c/9wFJs3jv) by [Unito](https://www.unito.io)
PVTI_lADOB5z1484Akea5zgQwZug,ISSUE,AV-EFI/AVefi-Issues,7,"Hilfe, Feedback & Kommunikation: Als Benutzer*in möchte ich an Diskussionen über Film-Metadaten teilnehmen können, Rezensionen schreiben und anderen Benutzer*innen Feedback geben  (User Story ID 38)",CLOSED,Done,WONTHAVE; Hilfe Feedback Kommunikation,,,2024-06-20T09:40:56Z,2025-11-27T18:13:14Z,2025-11-27T18:13:14Z,https://github.com/AV-EFI/AVefi-Issues/issues/7,aaf67373a64f858ac640cb8957c3b9544d489280fa05d5af216d4372b27f4843,"User Story ID: 38 Epic: Hilfe, Feedback & Kommunikation ┆Issue is synchronized with this [Trello card](https://trello.com/c/4OVkhk1i) by [Unito](https://www.unito.io)"
PVTI_lADOB5z1484Akea5zgQwZuw,ISSUE,AV-EFI/frontend,11,Filmidentifikatorenansicht & Redaktionssystem:: Als MA einer filmhaltenden Institution möchte ich ein editierbares Profil haben  (User Story ID 26),OPEN,Highest Prio,,steffolino,,2024-06-20T09:40:57Z,2025-08-12T13:32:35Z,,https://github.com/AV-EFI/frontend/issues/11,bf7e86ca895ea5d556eb2ffc67c6f4834becc87555448a3fc78a89706c1ff7e4,"User Story ID: 26 Epic: Filmidentifikatorenansicht & Redaktionssystem Anforderungen aus Schema, zusätzliche Infos ""nice to have""; referenz ORCID, ISIL etc. ┆Issue is synchronized with this [Trello card](https://trello.com/c/GZbQ65rZ) by [Unito](https://www.unito.io)"
PVTI_lADOB5z1484Akea5zgQwZvA,ISSUE,AV-EFI/AVefi-Issues,9,Filmidentifikatorenansicht & Redaktionssystem:: Als MA einer Filmhaltenden Institution möchte ich Synergie-Effekte nutzen  (User Story ID 27),CLOSED,Done,WONTHAVE; Filmidentifikatorenansicht & Redaktionssystem,,,2024-06-20T09:40:57Z,2025-11-27T18:13:14Z,2025-11-27T18:13:14Z,https://github.com/AV-EFI/AVefi-Issues/issues/9,ff2b22b2e1da3357fa4b711ce18e0821545de06638197d05726c1a6e288b28cc,User Story ID: 27 Epic: Filmidentifikatorenansicht & Redaktionssystem ┆Issue is synchronized with this [Trello card](https://trello.com/c/i5xiRiSt) by [Unito](https://www.unito.io)
PVTI_lADOB5z1484Akea5zgQwZvM,ISSUE,AV-EFI/AVefi-Issues,10,Filmrecherche: Als Benutzer*in möchte ich Empfehlungen basierend auf den Sehgewohnheiten und Vorlieben von Benutzer*innen mit ähnlichem Geschmack erhalten  (User Story ID 30),CLOSED,Done,WONTHAVE; Filmrecherche,,,2024-06-20T09:40:58Z,2025-11-27T18:13:15Z,2025-11-27T18:13:15Z,https://github.com/AV-EFI/AVefi-Issues/issues/10,d78142c078d9bd7ce9a64c020fbb7158027bfb531bc5631a9b53dd9debfa4268,User Story ID: 30 Epic: Filmrecherche ┆Issue is synchronized with this [Trello card](https://trello.com/c/8a4Rbbtf) by [Unito](https://www.unito.io)
PVTI_lADOB5z1484Akea5zgQwZvU,ISSUE,AV-EFI/AVefi-Issues,11,Filmidentifikatorenansicht & Redaktionssystem:: Als MA einer filmhaltenden Institution möchte ich einen oder mehrere neue Film-Metadatensätze zum Projekt hinzufügen  (User Story ID 15),CLOSED,Done,WONTHAVE; Filmidentifikatorenansicht & Redaktionssystem,,,2024-06-20T09:40:59Z,2025-11-27T18:13:15Z,2025-11-27T18:13:15Z,https://github.com/AV-EFI/AVefi-Issues/issues/11,1744d785a90a59ab547528efd65ba61ea919a1cf9d5c5a36617617491758bbf2,User Story ID: 15 Epic: Filmidentifikatorenansicht & Redaktionssystem Für Frontend nicht wichtig --> direkt API; Erweiterungen für Normdaten (vgl. GND?); Sync zu eigener Datenbank?; User Story ausarbeiten (mehrere Stories?) --> User Story Mapping; Erweiterungsvorschläge über Formular (Folgeantrag)?; Alle Datenlieferanten informieren ---> Folgeantrag ┆Issue is synchronized with this [Trello card](https://trello.com/c/2vQkejl7) by [Unito](https://www.unito.io)
PVTI_lADOB5z1484Akea5zgQwZvc,ISSUE,AV-EFI/AVefi-Issues,12,Filmanzeige: Als Benutzer*in möchte ich zwischen verschiedenen Ansichten der Suchergebnisse wechseln  (User Story ID 19),CLOSED,Done,WONTHAVE; Filmanzeige,,,2024-06-20T09:41:00Z,2025-11-27T18:13:16Z,2025-11-27T18:13:16Z,https://github.com/AV-EFI/AVefi-Issues/issues/12,641fbe59fde538656eddf502c1fffbd753971074cf381ac379958716439278f3,User Story ID: 19 Epic: Filmanzeige ┆Issue is synchronized with this [Trello card](https://trello.com/c/PH83Bzc6) by [Unito](https://www.unito.io)
PVTI_lADOB5z1484Akea5zgQwZvk,ISSUE,AV-EFI/AVefi-Issues,13,"Hilfe, Feedback & Kommunikation: Als Benutzer*in möchte ich eine einfache und benutzerfreundliche Anmeldungs- und Registrierungsoption haben  (User Story ID 36)",CLOSED,Done,SHOULDHAVE; Hilfe Feedback Kommunikation,steffolino; bingert,,2024-06-20T09:41:01Z,2025-11-27T18:13:16Z,2025-11-27T18:13:16Z,https://github.com/AV-EFI/AVefi-Issues/issues/13,f626f20c447fa3596412f80d663a209bc4550eab8aa2deef7fc474e0fb979078,"User Story ID: 36 Epic: Hilfe, Feedback & Kommunikation Einfache Anmeldung ausreichend, für Recherche nicht notwendig; Mehrwert zu wenig (Listenerstellung, Suchergebnisse speichern)? ┆Issue is synchronized with this [Trello card](https://trello.com/c/khP0XNBx) by [Unito](https://www.unito.io)"
PVTI_lADOB5z1484Akea5zgQwZvs,ISSUE,AV-EFI/AVefi-Issues,14,"Hilfe, Feedback & Kommunikation: Als Benutzer*in möchte ich kontextabhängige Hilfe und Erklärungen erhalten  (User Story ID 37)",CLOSED,Done,WONTHAVE; Hilfe Feedback Kommunikation,,,2024-06-20T09:41:01Z,2025-11-27T18:13:17Z,2025-11-27T18:13:16Z,https://github.com/AV-EFI/AVefi-Issues/issues/14,f32671186c9bc977ad8b3e2c9d460dad16edaaa93a5095f2eae724f300db3075,"User Story ID: 37 Epic: Hilfe, Feedback & Kommunikation ┆Issue is synchronized with this [Trello card](https://trello.com/c/QX6TTDMo) by [Unito](https://www.unito.io)"
PVTI_lADOB5z1484Akea5zgQwZv0,ISSUE,AV-EFI/AVefi-Issues,15,"Filmrecherche: Als Benutzer*in möchte ich Benachrichtigungen über relevante Updates oder neue Inhalte erhalten, die meinen Interessen oder früheren Suchanfragen entsprechen.  (User Story ID 31)",CLOSED,Done,WONTHAVE; Filmrecherche,,,2024-06-20T09:41:02Z,2025-11-27T18:13:17Z,2025-11-27T18:13:17Z,https://github.com/AV-EFI/AVefi-Issues/issues/15,32235bd7970d8a961e7db9ce31c6efbf63538461721a7498749b7435e91c1ed4,User Story ID: 31 Epic: Filmrecherche ┆Issue is synchronized with this [Trello card](https://trello.com/c/WfoDfRmr) by [Unito](https://www.unito.io)
PVTI_lADOB5z1484Akea5zgQwZv4,ISSUE,AV-EFI/AVefi-Issues,16,Filmanzeige: Als Benutzer*in möchte ich eine Liste von zusammenhängenden Filmen erstellen  (User Story ID 14),CLOSED,Done,WONTHAVE; Filmanzeige,,,2024-06-20T09:41:04Z,2025-11-27T18:13:17Z,2025-11-27T18:13:17Z,https://github.com/AV-EFI/AVefi-Issues/issues/16,7a20f00e31c4cbd8be1dac55cf17649f4b23674a841129901b86e082b4a50fd3,User Story ID: 14 Epic: Filmanzeige ┆Issue is synchronized with this [Trello card](https://trello.com/c/sCPZPbkc) by [Unito](https://www.unito.io)
PVTI_lADOB5z1484Akea5zgQwZwA,ISSUE,AV-EFI/AVefi-Issues,17,Filmrecherche: Als Benutzer*in möchte ich einen technische Übersicht über exportierbare und importierbare Formate erhalten (User Story ID 39),CLOSED,Done,WONTHAVE; Filmrecherche,,,2024-06-20T09:41:05Z,2025-11-27T18:13:18Z,2025-11-27T18:13:18Z,https://github.com/AV-EFI/AVefi-Issues/issues/17,10e006839aa774ef2b049041a4a6aba8b3f53d95260439cd6e363d2454a2a35f,User Story ID: 39 Epic: Filmrecherche Ein Format reicht? Oder Übersicht überflüssig? ┆Issue is synchronized with this [Trello card](https://trello.com/c/lkZC0dMJ) by [Unito](https://www.unito.io)
PVTI_lADOB5z1484Akea5zgQwZwE,ISSUE,AV-EFI/AVefi-Issues,18,"Hilfe, Feedback & Kommunikation: Als Benutzer*in möchte ich kontextabhängiges Feedback geben  (User Story ID 49)",CLOSED,Done,WONTHAVE; Hilfe Feedback Kommunikation,,,2024-06-20T09:41:06Z,2025-11-27T18:13:18Z,2025-11-27T18:13:18Z,https://github.com/AV-EFI/AVefi-Issues/issues/18,2e2755ce64b05e1ed5f051a02dfeae6c71276e0d7b796a8334196a97452adba4,"User Story ID: 49 Epic: Hilfe, Feedback & Kommunikation ┆Issue is synchronized with this [Trello card](https://trello.com/c/DpalZqTu) by [Unito](https://www.unito.io)"
PVTI_lADOB5z1484Akea5zgQwZwM,ISSUE,AV-EFI/AVefi-Issues,19,Filmrecherche: Als Benutzer*in möchte ich die Suchergebnisse nach meinen Bedürfnissen anpassen  (User Story ID 48),CLOSED,Done,WONTHAVE; Filmrecherche,,,2024-06-20T09:41:07Z,2025-11-27T18:13:19Z,2025-11-27T18:13:19Z,https://github.com/AV-EFI/AVefi-Issues/issues/19,d922ef156f1a8011096579fb300b56c8877feac08770e8951fecea1f5544f7ed,"User Story ID: 48 Epic: Filmrecherche Facetten, Sortieren? Vgl. ID 28 --> nicht speziell ┆Issue is synchronized with this [Trello card](https://trello.com/c/7kiqbCJx) by [Unito](https://www.unito.io)"
PVTI_lADOB5z1484Akea5zgQwZwQ,ISSUE,AV-EFI/AVefi-Issues,20,Filmrecherche: Als Benutzer*in möchte ich möglichst passende Vorschläge erhalten (User Story ID 17),CLOSED,Done,WONTHAVE; Filmrecherche,,,2024-06-20T09:41:07Z,2025-11-27T18:13:19Z,2025-11-27T18:13:19Z,https://github.com/AV-EFI/AVefi-Issues/issues/20,997007596bebc4030ac62da1237d80290376dfd5ef5e9b404de3ec9b01c2c67c,User Story ID: 17 Epic: Filmrecherche Best Practice UX; zu ungenau beschrieben; und vorausgesetzt ┆Issue is synchronized with this [Trello card](https://trello.com/c/MjTuU9Lm) by [Unito](https://www.unito.io)
PVTI_lADOB5z1484Akea5zgQwZwY,ISSUE,AV-EFI/AVefi-Issues,21,Filmidentifikatorenansicht & Redaktionssystem:: Als Redakteur*in / Admin möchte ich Zugriff auf historische Suchdaten und Nutzungsstatistiken haben  (User Story ID 33),CLOSED,Done,WONTHAVE; Filmidentifikatorenansicht & Redaktionssystem,,,2024-06-20T09:41:08Z,2025-11-27T18:13:19Z,2025-11-27T18:13:19Z,https://github.com/AV-EFI/AVefi-Issues/issues/21,c848028af8a06a26723d33520c9143dff1cddb30dc4f77a0e4f8c9f2fc3ae192,User Story ID: 33 Epic: Filmidentifikatorenansicht & Redaktionssystem ┆Issue is synchronized with this [Trello card](https://trello.com/c/4Ts7i0qa) by [Unito](https://www.unito.io)
PVTI_lADOB5z1484Akea5zgQwZwg,ISSUE,AV-EFI/AVefi-Issues,22,Filmrecherche: Als Benutzer*in möchte ich optimal bei der Suche unterstützt werden  (User Story ID 22),CLOSED,Done,WONTHAVE; Filmrecherche,,,2024-06-20T09:41:09Z,2025-11-27T18:13:20Z,2025-11-27T18:13:20Z,https://github.com/AV-EFI/AVefi-Issues/issues/22,a87ded588efadfe6503c7ec7874dcb455f342f1f234c365991c9563606211fd4,User Story ID: 22 Epic: Filmrecherche Best Practice UX; zu ungenau beschrieben; und vorausgesetzt ┆Issue is synchronized with this [Trello card](https://trello.com/c/SI3l7j9J) by [Unito](https://www.unito.io)
PVTI_lADOB5z1484Akea5zgQwZwk,ISSUE,AV-EFI/AVefi-Issues,23,"Filmidentifikatorenansicht & Redaktionssystem:: Als MA einer filmhaltenden Institution möchte ich nachvollziehen können, wer wann welche Datensätze in das System eingegeben hat  (User Story ID 46)",CLOSED,Done,COULDHAVE; Filmidentifikatorenansicht & Redaktionssystem,,,2024-06-20T09:41:10Z,2025-11-27T18:13:20Z,2025-11-27T18:13:20Z,https://github.com/AV-EFI/AVefi-Issues/issues/23,70351b9171203492456b0aaa1d50a564101880644ed514408c365ba508793e0b,"User Story ID: 46 Epic: Filmidentifikatorenansicht & Redaktionssystem Qualitätssicherung? Für Item & Manifestation wahrsch. überflüssig; Für Werk: Nur Institution als Bearbeiter; Von wem kommt die Manifestation; Tabellarische Übersicht; --> Must have in ""einfacher"" Form; Nochmal besprechen in Detail (User Journey Mapping?) ┆Issue is synchronized with this [Trello card](https://trello.com/c/NvGUVfYZ) by [Unito](https://www.unito.io)"
PVTI_lADOB5z1484Akea5zgQwZwo,ISSUE,AV-EFI/frontend,10,"Barrierefreiheit: Als Benutzer*in mit Sehbeeinträchtigung möchte ich, dass die Anwendung Barrierefreiheitsfunktionen unterstützt, wie Bildschirmlesegeräte, Tastaturnavigation und alternative Texte für Bilder, um eine inklusive Benutzererfahrung sicherzuste",OPEN,Highest Prio,,steffolino,,2024-06-20T09:41:11Z,2025-08-12T13:32:23Z,,https://github.com/AV-EFI/frontend/issues/10,9fc6064968fc4f66c219bbc2deb69d63d9ed0cf202bb25188d81828bb07bb0b7,"User Story ID: 16 Epic: Barrierefreiheit Barrierefreiheit == Best Practice?; Für Sehbeeinträchtigung ausreichend: Tastaturnavigation, Alt-Texte, Kontraste; Responsive für mobile, tablet; WCAG - Test? https://www.bundesfachstelle-barrierefreiheit.de/DE/Fachwissen/Produkte-und-Dienstleistungen/Barrierefreiheitsstaerkungsgesetz/barrierefreiheitsstaerkungsgesetz_node.html ┆Issue is synchronized with this [Trello card](https://trello.com/c/3EBxe0cw) by [Unito](https://www.unito.io)"
PVTI_lADOB5z1484Akea5zgQwZww,ISSUE,AV-EFI/AVefi-Issues,25,Filmrecherche:Als Benutzer*in möchte ich nach der filmhaltenden Institution filtern können  (User Story ID 44),CLOSED,Done,COULDHAVE; Filmrecherche,,,2024-06-20T09:41:12Z,2025-11-27T18:13:59Z,2025-11-27T18:13:59Z,https://github.com/AV-EFI/AVefi-Issues/issues/25,85883c1be2b6fbcaa4e09fa6f05182e6fb68a8fdffe2e1d247fee9fc50b68758,User Story ID: 44 Epic: Filmrecherche ┆Issue is synchronized with this [Trello card](https://trello.com/c/8zH2AxZj) by [Unito](https://www.unito.io)
PVTI_lADOB5z1484Akea5zgQwZw0,ISSUE,AV-EFI/AVefi-Issues,26,"Filmidentifikatorenansicht & Redaktionssystem:: Als MA einer filmhaltenden Institution möchte ich eine Nutzerverwaltung nutzen, um die Rechte der Nutzenden zu verwalten  (User Story ID 8)",CLOSED,Done,SHOULDHAVE; Filmidentifikatorenansicht & Redaktionssystem,steffolino; bingert,,2024-06-20T09:41:12Z,2025-11-27T18:13:21Z,2025-11-27T18:13:21Z,https://github.com/AV-EFI/AVefi-Issues/issues/26,dfbd53117e82413481531cd55a8658c7075c73978d458dba8c159e2e42b15b27,User Story ID: 8 Epic: Filmidentifikatorenansicht & Redaktionssystem Auslagern an GWDG Infrastruktur?; Funktionsaccount pro Institution --> möglichst viel an zentraler Stelle (GWDG); ISIL > ROR; Phase 1 zunächst nur Funktionsaccounts; ┆Issue is synchronized with this [Trello card](https://trello.com/c/Yn20W7oD) by [Unito](https://www.unito.io)
PVTI_lADOB5z1484Akea5zgQwZw4,ISSUE,AV-EFI/AVefi-Issues,27,"Hilfe, Feedback & Kommunikation: Als Benutzer*in möchte ich Feedback zu Suchergebnissen (z. B. Relevanz, Genauigkeit) geben können  (User Story ID 35)",CLOSED,Done,COULDHAVE; Hilfe Feedback Kommunikation,,,2024-06-20T09:41:13Z,2025-11-27T18:13:59Z,2025-11-27T18:13:59Z,https://github.com/AV-EFI/AVefi-Issues/issues/27,387bfc5c6df05e7e8ae7963ef85f1c18613ddba808190deaae07f82672eabc57,"User Story ID: 35 Epic: Hilfe, Feedback & Kommunikation Höchstes Feature aus Hilfe Epic ┆Issue is synchronized with this [Trello card](https://trello.com/c/rU0HPmv6) by [Unito](https://www.unito.io)"
PVTI_lADOB5z1484Akea5zgQwZw8,ISSUE,AV-EFI/AVefi-Issues,28,Filmidentifikatorenansicht & Redaktionssystem:: Als MA einer filmhaltenden Institution möchte ich einen existierenden Film unsichtbar machen / entfernen  (User Story ID 11),CLOSED,Done,COULDHAVE; Filmidentifikatorenansicht & Redaktionssystem,,,2024-06-20T09:41:14Z,2025-11-27T18:13:59Z,2025-11-27T18:13:59Z,https://github.com/AV-EFI/AVefi-Issues/issues/28,6b8814d6072554fc1bc06662023f22a3ce50b17186b228bc5008b3a33b6cce2a,User Story ID: 11 Epic: Filmidentifikatorenansicht & Redaktionssystem ┆Issue is synchronized with this [Trello card](https://trello.com/c/4A5YPEAS) by [Unito](https://www.unito.io)
PVTI_lADOB5z1484Akea5zgQwZ3U,ISSUE,AV-EFI/frontend,14,Filmrecherche: Als Benutzer*in möchte ich gezielt nach Filmen suchen können  (User Story ID 2),OPEN,Highest Prio,,steffolino,,2024-06-20T09:40:46Z,2025-08-12T13:33:14Z,,https://github.com/AV-EFI/frontend/issues/14,176a378acf9fa995d9e4e939a31902c4a4ed0836eabf3c5a625a2c9c031c0737,┆Issue is synchronized with this [Trello card](https://trello.com/c/3kUEbZKN) by [Unito](https://www.unito.io)
PVTI_lADOB5z1484Akea5zgTpLXA,ISSUE,AV-EFI/AVefi-Issues,56,"Als Benutzer*in möchte ich direkt sehen, ob ein Exemplar online verfügbar ist",CLOSED,Done,MUSTHAVE; Filmanzeige,steffolino; EOltmanns; tennismann3000,,2024-10-07T08:47:50Z,2026-01-16T08:24:05Z,2026-01-16T08:24:05Z,https://github.com/AV-EFI/AVefi-Issues/issues/56,e9d73fe202c00535b782bed147b22890487490c05f9af4dcf0938419c29d011b,"Verfügbarkeits-Status (Georg Eckes) (5 min): Definition, Umsetzbarkeit, Benefit? Stati: ""Verfügbar"", Nicht verfügbar (Negativ, schlechter Zustand, rechtlich), bedingt verfügbar Gemeinsamen Nenner verschiedener Institutionen finden Ampel? Kombinierbar mit Status Sichtbarkeit? AV-Portal: Zugriff über Kombination User-Gruppe, type_of_use Verfügbar / Nicht verfügbar → ""access_status"" im Schema vorhanden, ist den Institutionen überlassen Infos über Status nicht einfach bei Institution auslesbar Zunäc"
PVTI_lADOB5z1484Akea5zgdjsIo,ISSUE,AV-EFI/AVefi-Issues,57,Filmrecherche: Als Benutzer*in möchte ich gezielt nach Filmen suchen können  (User Story ID 2),CLOSED,Done,MUSTHAVE; Filmrecherche; PUBLIC-RELEASE,steffolino,,2024-06-20T09:41:37Z,2026-05-18T05:28:50Z,2026-05-18T05:28:50Z,https://github.com/AV-EFI/AVefi-Issues/issues/57,3fbb7dafeb90b497c1ca9417c4e62a9cd2881ca17dd9f5ab4fdb887d3c8c6a6e,User Story ID: 2 Epic: Filmrecherche
PVTI_lADOB5z1484Akea5zghZlG8,ISSUE,AV-EFI/AVefi-Issues,64,Facetten finalisieren (Filmrecherche),OPEN,,MUSTHAVE; Filmrecherche; PUBLIC-RELEASE,steffolino,Public Release,2025-11-18T19:03:02Z,2025-12-15T09:49:26Z,,https://github.com/AV-EFI/AVefi-Issues/issues/64,9fe8bd8ed93dc6fad456b5ed0c90703310252f368d271cddbe75838043cc2c3b,"Als Benutzer*in möchte ich klare und zuverlässige Facetten nutzen können, damit ich Suchergebnisse nach meinen Bedürfnissen eingrenzen kann. Confluence: https://wiki.tib.eu/confluence/spaces/avefi/pages/424254806/Facetten+%C3%9Cbersicht+Reihenfolge Status heute: • Facetten vorhanden (Jahr, Farbe, Ton, Format/Material etc.) • Funktioniert technisch • UI weitgehend verständlich Was fehlt: • Finaler Abgleich: Welche Facetten gehören in den Public Release? • Einheitliche Labels (DE/EN) • Konsistente"
PVTI_lADOB5z1484Akea5zghZlHA,ISSUE,AV-EFI/AVefi-Issues,65,Sortierung in der Suche,OPEN,Backlog,Filmrecherche,steffolino; EOltmanns; tennismann3000,Public Release,2025-11-18T19:03:26Z,2026-02-10T10:05:17Z,,https://github.com/AV-EFI/AVefi-Issues/issues/65,3d0856ff9798812d04b5dafa70474f9acff08f901e4a60436cc7d2f063456a81,"Als Benutzer*in möchte ich Suchergebnisse sortieren können, damit ich Ergebnisse in einer logischen Reihenfolge sehe. Status heute: • Sortierung existiert, aber deaktiviert Was fehlt: • UI-Liste der Sortieroptionen • Backend-Sortierung (Titel A–Z, Jahr, Institution) • UX-Entscheidung zu sichtbaren Optionen Team-Entscheidung: • Soll Sortierung im Public Launch aktiv sein?"
PVTI_lADOB5z1484Akea5zghZlHE,ISSUE,AV-EFI/AVefi-Issues,66,Trefferlisten-Preview verbessern,OPEN,,MUSTHAVE; Filmrecherche; PUBLIC-RELEASE,steffolino; tennismann3000,Public Release,2025-11-18T19:03:38Z,2026-02-27T09:17:12Z,,https://github.com/AV-EFI/AVefi-Issues/issues/66,546a4af6f80a0781c82fc0d6c72fc22934100f1fd5a40ee856053a5d8101cc16,"User Story Als Benutzer*in möchte ich in der Trefferliste die wichtigsten Informationen klar strukturiert sehen, damit ich schneller entscheiden kann, welchen Datensatz ich öffne. Hintergrund Die bisherige Trefferlisten-Anzeige zeigt nur einen kleinen Ausschnitt der verfügbaren Metadaten. Basierend auf der Confluence-Seite „Feldreihenfolge in Such- und Detailanzeige“ (Stand 30.09.2025) wurde die normative Reihenfolge für die Suchanzeige überprüft: https://wiki.tib.eu/confluence/spaces/avefi/page"
PVTI_lADOB5z1484Akea5zghribc,ISSUE,AV-EFI/AVefi-Issues,149,LIC-01: Rechte- und Lizenzinformationen global sichtbar machen,OPEN,,UserStory; Frontend; PUBLIC-RELEASE; Epic:Lizenzen,tennismann3000,,2025-11-25T07:05:19Z,2026-02-10T08:36:55Z,,https://github.com/AV-EFI/AVefi-Issues/issues/149,70a38cd05bd236a06c4327e02f3b01e2d4553feb3aa6a6e544ffefe0958dc51b,"# User Story Als Nutzer*in der AVefi-Plattform möchte ich klar und eindeutig erkennen können, unter welchen Rechten und Lizenzen die angezeigten Metadaten stehen, damit ich Inhalte korrekt verwenden, zitieren oder weiterverarbeiten kann. # Kontext - Abschluss-Workshop in Berlin: Alle angezeigten Metadaten stehen unter **CC-BY**. - Die Lizenzinformation soll **global** eingebunden werden — nicht pro Datensatz. - Es besteht Klärungsbedarf: Wo und wie wird dies UI-seitig dargestellt? (Footer, About"
PVTI_lADOB5z1484Akea5zgh0seo,ISSUE,AV-EFI/AVefi-Issues,126,NC-08: Navigation zwischen Manifestationen im Split-View,OPEN,,UserStory; Frontend; PUBLIC-RELEASE; Epic:Navigation,steffolino,Public Release,2025-11-19T19:04:33Z,2025-11-27T18:23:51Z,,https://github.com/AV-EFI/AVefi-Issues/issues/126,8cf26e7ac4ce63dbff8865a7c573a98d07b43f4aa0e013af0a9f25970928afb6,"# User Story Als Nutzer*in möchte ich im Manifestation-Split-View bequem zwischen Manifestationen wechseln können damit Vergleich und Analyse schneller laufen. # Kontext - Aktuell unklar, wie Navigation zwischen Manifestationen funktionieren soll. # Akzeptanzkriterien - Vor/Zurück-Navigation in Split-View. - Keyboard Support."
PVTI_lADOB5z1484Akea5zgh0sew,ISSUE,AV-EFI/AVefi-Issues,127,NC-09: URL-Struktur für Navigation vereinheitlichen,OPEN,,UserStory; Backend; Frontend; PUBLIC-RELEASE; Epic:Navigation,steffolino,Public Release,2025-11-19T19:04:45Z,2025-11-27T18:23:52Z,,https://github.com/AV-EFI/AVefi-Issues/issues/127,bb5800e4b3f869fafd0d0bf1021d43d0c56fdd48fc324e2f38680ec71fc25993,"# User Story Als Nutzer*in möchte ich konsistente URLs für Werk, Manifestation und Item damit Links stabil funktionieren. # Kontext - Aktuell inkonsistent (z. B. /work/, /manifestation/, /detail?id=). # Akzeptanzkriterien - Einheitliche URL-Segmentstruktur. - Deep-Link kompatibel."
PVTI_lADOB5z1484Akea5zgh0se4,ISSUE,AV-EFI/AVefi-Issues,128,NC-10: Navigation zwischen Suchtrefferliste und Detailansicht optimieren,OPEN,,UserStory; Frontend; PUBLIC-RELEASE; Epic:Navigation,steffolino,Public Release,2025-11-19T19:04:56Z,2025-11-27T18:23:52Z,,https://github.com/AV-EFI/AVefi-Issues/issues/128,1282e14b513f2338843d662811f40b261c75e1ac1bcd6b2f8247bf875122106a,# User Story Als Nutzer*in möchte ich effizient zwischen Suchtrefferliste und Detailansicht hin- und hernavigieren damit ich mehrere Treffer schnell bewerten kann. # Kontext - Pain Point in Usability-Test. # Akzeptanzkriterien - Kein Scrollverlust. - Keine Reset-Effekte.
PVTI_lADOB5z1484Akea5zgh0se8,ISSUE,AV-EFI/AVefi-Issues,129,RD-01: Rollen- & Rechteverwaltung für redaktionelle Funktionen implementieren,OPEN,,SHOULDHAVE; UserStory; Backend; Epic:Redaktion,steffolino,,2025-11-19T19:06:50Z,2025-11-27T17:54:46Z,,https://github.com/AV-EFI/AVefi-Issues/issues/129,b8057d1eaac9b9f7bc4e290e18a2689a5de68362547b8e69a8b4777dda24aed8,"# User Story Als MA einer filmhaltenden Institution möchte ich klar definierte Rollen und Berechtigungen für redaktionelle Funktionen haben, damit nur autorisierte Personen Daten bearbeiten oder freigeben können. # Kontext - Grundvoraussetzung für jedes Redaktionstool. - Muss systemweit einheitlich funktionieren. - Ohne Rollenmodell: keine sichere Bearbeitung möglich. - Dieses Feature beeinflusst weitere Epics (Identifikatoren, Werkpflege, Datenqualität). # Akzeptanzkriterien - Rollenmodell defi"
PVTI_lADOB5z1484Akea5zgh0sfI,ISSUE,AV-EFI/AVefi-Issues,130,RD-02: Änderungs- und Versionshistorie für alle redaktionellen Eingriffe,OPEN,,SHOULDHAVE; UserStory; Backend; Epic:Redaktion,steffolino,,2025-11-19T19:06:59Z,2025-11-27T17:54:47Z,,https://github.com/AV-EFI/AVefi-Issues/issues/130,b7d1a6d922163aca33cd74d322f3d578869248ffb2280c6cd156b9b556112dd9,"# User Story Als Editor oder Admin möchte ich nachvollziehen können, wer welche Änderungen an Metadaten vorgenommen hat, damit Fehler, Konflikte oder Missbrauch schnell erkennbar sind. # Kontext - Notwendig für Qualitätssicherung. - Teil von Versionskontrolle und späterer PID-Konformität. - Ermöglicht Undo-/Rollback-Prozesse. # Akzeptanzkriterien - Jede Änderung erzeugt einen Revisionseintrag. - Einträge speichern: Zeitpunkt, Nutzer*in, Änderung, betroffene Felder. - Darstellung auf Werk-, Manif"
PVTI_lADOB5z1484Akea5zgh0sfM,ISSUE,AV-EFI/AVefi-Issues,131,RD-03: Konflikt-Handling bei paralleler Bearbeitung,OPEN,,UserStory; Backend; UNSCHARF; Epic:Redaktion,steffolino,,2025-11-19T19:07:08Z,2025-11-27T17:54:47Z,,https://github.com/AV-EFI/AVefi-Issues/issues/131,042c886c31c36fbd51c77de730ad069a2a6179e085d1dc4ebf1f336c66293892,"# User Story Als Editor möchte ich klar darauf hingewiesen werden, wenn ein Datensatz gleichzeitig von jemand anderem bearbeitet wird, damit ich keine Änderungen überschreibe. # Kontext - Noch unklar, ob pessimistic locking oder conflict resolution. - Muss später mit PID-/Versionierung zusammenspielen. # Akzeptanzkriterien - System erkennt parallele Bearbeitungen. - Nutzer*in erhält Hinweis. - Konfiguration, wie Konflikte gehandhabt werden (blockieren, mergen, überschreiben)."
PVTI_lADOB5z1484Akea5zgh0sfQ,ISSUE,AV-EFI/AVefi-Issues,132,"RD-04: Redaktionsmodus für Werk-, Manifestations- und Item-Metadaten",OPEN,,UserStory; Frontend; Epic:Redaktion,steffolino,,2025-11-19T19:07:17Z,2025-11-27T17:54:48Z,,https://github.com/AV-EFI/AVefi-Issues/issues/132,69589e18858ed89d370abd7378b39367730b4b2ac64c29513696fbd7b8084429,"# User Story Als Editor möchte ich Metadaten direkt im Frontend bearbeiten können, damit ich Fehler oder Lücken schnell korrigieren kann. # Kontext - Teil des späteren Redaktionstools. - Muss klar vom öffentlichen Modus getrennt sein. # Akzeptanzkriterien - Umschaltbarer Redaktionsmodus. - Inline-Editing oder Formularansicht. - Änderungen werden validiert. - Änderungen werden versioniert (siehe RD-02)."
PVTI_lADOB5z1484Akea5zgh0sfY,ISSUE,AV-EFI/AVefi-Issues,133,RD-05: Validierungslogik für Pflicht- und Qualitätsfelder,OPEN,,UserStory; Backend; Epic:Redaktion; Datenqualität,steffolino,,2025-11-19T19:07:29Z,2025-11-27T17:54:48Z,,https://github.com/AV-EFI/AVefi-Issues/issues/133,421d5bd0b359190279ebbab12bc93c2c84834434a978b3550d35f2c20e5d4b61,"# User Story Als Editor/Readkeur:in/MA filmhaltende Institution möchte ich beim Bearbeiten sofort erkennen, wenn Pflichtfelder fehlen oder fehlerhaft sind, damit fehlerhafte Datensätze vermieden werden. # Kontext - Direkt verknüpft mit dem Datenqualitäts-Epic. - Validierungsregeln müssen eindeutig definiert werden. # Akzeptanzkriterien - Pflichtfelder werden serverseitig & clientseitig geprüft. - Fehler werden klar markiert. - Validierungsregeln sind dokumentiert."
PVTI_lADOB5z1484Akea5zgh0sfg,ISSUE,AV-EFI/AVefi-Issues,136,BR-01: Benutzerverwaltung – Rollen müssen definierbar und zuweisbar sein,OPEN,,SHOULDHAVE; UserStory; Backend; Epic:BenutzerRollenRedaktion,EOltmanns,,2025-11-19T19:16:01Z,2025-11-27T14:13:09Z,,https://github.com/AV-EFI/AVefi-Issues/issues/136,bf68ff00f3935a384a2f66d2d644ca3067b359fc84745703d3c77a0786113244,"# User Story Als Admin einer filmhaltenden Institution möchte ich Benutzerrollen definieren und Nutzern zuweisen können, damit die Rechtevergabe transparent und kontrollierbar bleibt. # Kontext - Essentiell für spätere Redaktions- und Freigabeprozesse. - Grundlage für alle weiteren Berechtigungsfunktionen. # Akzeptanzkriterien - Rollen können erstellt, bearbeitet und gelöscht werden. - Jede Rolle besitzt spezifische Berechtigungen. - Rollen können Benutzer*innen zugewiesen und entzogen werden."
PVTI_lADOB5z1484Akea5zgh0sfk,ISSUE,AV-EFI/AVefi-Issues,138,BR-03: Redakteure müssen Metadatensätze bearbeiten können (Werk/Manifestation/Item),OPEN,,UserStory; Backend; UNSCHARF; Frontend; Epic:BenutzerRollenRedaktion,EOltmanns,,2025-11-19T19:16:34Z,2025-11-27T14:13:10Z,,https://github.com/AV-EFI/AVefi-Issues/issues/138,89c86fa2c4b030309da72330a56101bfca10996a6608d9e79028ca8f5af74302,"# User Story Als Redakteur*in möchte ich Metadaten auf Werk-, Manifestations- und Itemebene bearbeiten können, damit Daten aktualisiert, ergänzt oder korrigiert werden können. # Kontext - Unklar: vollständiges Redaktionssystem vs. minimale Korrekturansicht? - Muss mit Datenqualität und Identifikatoren abgestimmt werden. # Akzeptanzkriterien - TBD (abhängig von finalem Redaktionsumfang)"
PVTI_lADOB5z1484Akea5zgh0sfo,ISSUE,AV-EFI/AVefi-Issues,139,BR-04: Änderungen an Metadaten müssen revisionssicher gespeichert werden,OPEN,,UserStory; Backend; Epic:BenutzerRollenRedaktion,EOltmanns,,2025-11-19T19:16:48Z,2025-11-27T14:13:10Z,,https://github.com/AV-EFI/AVefi-Issues/issues/139,727f337f07f18386973b4ff3b216c2cb083370cba13f80654ec4e28e60ac676a,"# User Story Als Admin möchte ich, dass jede Änderung an Metadaten (Werke, Manifestationen, Items) versioniert gespeichert wird, damit Fehler rückgängig gemacht und Änderungen nachvollzogen werden können. # Kontext - Grundlage für rechtssichere Datenführung. - In Verbindung mit PID/Epic PID-Verwaltung. # Akzeptanzkriterien - Jede Änderung erzeugt eine neue Version. - Alte Versionen bleiben abrufbar. - UI zeigt Metadatenhistorie."
PVTI_lADOB5z1484Akea5zgh0sfw,ISSUE,AV-EFI/AVefi-Issues,140,BR-05: Redaktioneller Freigabeprozess (Review → Approve → Publish),OPEN,,UserStory; Backend; UNSCHARF; Frontend; Epic:BenutzerRollenRedaktion,EOltmanns,,2025-11-19T19:17:03Z,2025-11-27T14:10:43Z,,https://github.com/AV-EFI/AVefi-Issues/issues/140,9533d3dea25e4bc8085359a294aa6174ed6a838a6f82cddbc8f70f2d0b5c4ef7,"# User Story Als Herausgeber-Redakteur*in möchte ich neue oder geänderte Datensätze prüfen und freigeben können, damit nur geprüfte Inhalte öffentlich sichtbar sind. # Kontext - Freigabeprozesse im Projekt noch nicht final spezifiziert. - Kann mehrstufig (2-Augen, 4-Augen) sein. # Akzeptanzkriterien - TBD"
PVTI_lADOB5z1484Akea5zgh0sf0,ISSUE,AV-EFI/AVefi-Issues,141,BR-06: Nutzerprofil – Basisdaten einsehen & bearbeiten,OPEN,,UserStory; Frontend; Epic:BenutzerRollenRedaktion,EOltmanns,,2025-11-19T19:17:12Z,2025-11-27T14:13:11Z,,https://github.com/AV-EFI/AVefi-Issues/issues/141,d7a59d7c6f18bee46a359b0dde1e01099132928250b215309d09c2287d048d57,"# User Story Als angemeldete*r Benutzer*in möchte ich meine grundlegenden Profildaten einsehen und bearbeiten können, damit ich meine Identität und Kontaktdaten aktuell halten kann. # Akzeptanzkriterien - Profilseite mit Name, Institution, E-Mail. - Änderbarkeit eigener Profilfelder (sofern erlaubt)."
PVTI_lADOB5z1484Akea5zgh0sgA,ISSUE,AV-EFI/AVefi-Issues,143,BR-08: Aktivitätslog für redaktionelle Aktionen,OPEN,,UserStory; Backend; Epic:BenutzerRollenRedaktion,EOltmanns,,2025-11-19T19:17:44Z,2025-11-27T14:07:12Z,,https://github.com/AV-EFI/AVefi-Issues/issues/143,10ec17fc4a943b410c146a1d274581f0d01d653a7873593062e81ccbc5979ffe,"# User Story Als Systemadministrator möchte ich nachvollziehen können, welche Benutzer*innen welche redaktionellen Aktionen ausgeführt haben, damit Verantwortlichkeiten und Fehlerquellen identifizierbar bleiben. # Akzeptanzkriterien - Änderungslog pro Datensatz. - Filter: Zeitspanne, Benutzer*in, Datentyp."
PVTI_lADOB5z1484Akea5zgh0sgE,ISSUE,AV-EFI/AVefi-Issues,144,BR-09: Zugriff auf interne Funktionen muss klar geregelt und geprüft sein,OPEN,,SHOULDHAVE; UserStory; Backend; Technical-Blocker; Epic:BenutzerRollenRedaktion,EOltmanns,,2025-11-19T19:17:53Z,2025-11-27T14:06:29Z,,https://github.com/AV-EFI/AVefi-Issues/issues/144,fba1306515cfcec169ddd2dc461dd6efba303dcd1796b5bb74840a52bc1cbbbc,"# User Story Als Betreiber der Plattform möchte ich sicherstellen, dass interne Funktionen nur korrekt authentifizierten und autorisierten Rollen zur Verfügung stehen, damit Sicherheitsrisiken ausgeschlossen werden. # Akzeptanzkriterien - Jede interne API prüft Auth & Roles. - Fehlerhafte Rollen → sauberer 403."
PVTI_lADOB5z1484Akea5zgh0sfc,ISSUE,AV-EFI/AVefi-Issues,134,RD-06: Redaktions-Dashboard für offene Aufgaben und Qualitätsprobleme,OPEN,,UserStory; Frontend; Epic:Redaktion,steffolino,,2025-11-19T19:07:38Z,2026-06-09T11:25:24Z,,https://github.com/AV-EFI/AVefi-Issues/issues/134,f6dff3c204e835ed65325eb9234c34685389dfdbff955d1ee6917839221ce964,"# User Story Als Admin oder Editor möchte ich eine Übersicht über offene redaktionelle Aufgaben und Qualitätsprobleme haben, damit ich gezielt priorisieren und Teams koordinieren kann. # Kontext - Muss Daten aus Datenqualität, Identifikatoren, Import-Checks zusammenführen. - Noch unklar, welche Felder im MVP benötigt werden (UNSCHARF). # Akzeptanzkriterien - Dashboard listet: fehlende Felder, Konflikte, Dubletten, Import-Fehler. - Sortier- und Filterfunktionen vorhanden. - Links springen direkt "
PVTI_lADOB5z1484Akea5zgh0sgI,ISSUE,AV-EFI/AVefi-Issues,145,RECS-01: Ähnliche Filme algorithmisch bestimmen (Basislogik),OPEN,,UserStory; Backend; UNSCHARF; Epic:Recommendations,EOltmanns,,2025-11-19T19:21:40Z,2025-11-27T14:05:06Z,,https://github.com/AV-EFI/AVefi-Issues/issues/145,230c336d8e3011ac3f4a16e1a43df5330285efc16408273f5d2f21dde6ef6bd4,"# User Story Als Nutzer*in der Plattform möchte ich, dass AVefi automatisch ähnliche Filme identifiziert, damit ich verwandte Werke finden und meine Recherche vertiefen kann. # Kontext - Das ursprüngliche Konzept war als WONTHAVE markiert - Workshop in Dresden hat ""Ähnliche Filme"" diskturiert - Unklar ist aktuell, ob Ähnlichkeit primär über Inhalte, Metadaten oder „People in Common“ entschieden wird. - Diese Story klärt NUR die algorithmische Basislogik. # Akzeptanzkriterien - **Given** ein Werk"
PVTI_lADOB5z1484Akea5zgh0sgM,ISSUE,AV-EFI/AVefi-Issues,146,RECS-02: Ähnliche Filme in der Werkansicht anzeigen,OPEN,,UserStory; Frontend; Epic:Recommendations,EOltmanns,,2025-11-19T19:21:50Z,2025-11-27T14:05:28Z,,https://github.com/AV-EFI/AVefi-Issues/issues/146,13f114819de79ccab9a16a7fd27c3ce88552150f3e9e17f2e7d994f45fa59a8c,"# User Story Als Benutzer*in möchte ich in der Werkansicht eine kompakte Liste ähnlicher Filme sehen, damit ich schnell zu thematisch oder produktionstechnisch verwandten Werken navigieren kann. # Kontext - Die Anzeige erfolgt in der rechten Spalte oder unterhalb der Manifestationsliste. - Es soll maximal eine Kurzvorschau angezeigt werden (Titel + Jahr + Herausgeber). # Akzeptanzkriterien - **Given** ein Werk hat ähnliche Filme **When** ich die Werkseite öffne **Then** werden bis zu 5 ähnliche "
PVTI_lADOB5z1484Akea5zgh0sgY,ISSUE,AV-EFI/AVefi-Issues,147,RECS-03: Ähnlichkeitskriterien transparent darstellen,OPEN,,SHOULDHAVE; UserStory; UNSCHARF; Frontend; Epic:Recommendations,EOltmanns,,2025-11-19T19:21:58Z,2025-11-27T14:03:30Z,,https://github.com/AV-EFI/AVefi-Issues/issues/147,667e9ea7736ca0f8a7eab21c79fa37968155f26b743c5ace3a1e3cd8a0f89e59,"# User Story Als Nutzer*in möchte ich nachvollziehen können, warum ein Film als „ähnlich“ eingestuft wurde, damit die Empfehlung vertrauenswürdig und erklärbar wirkt. # Kontext - AVefi ist ein wissenschaftliches Recherchetool → Transparenz ist wichtig. - UI muss nicht komplex sein, eine kleine Fußnote mit Stichworten reicht. # Akzeptanzkriterien - **Given** ähnliche Filme werden angezeigt **When** ich einen Datensatz in der Ähnlichkeitsliste sehe **Then** wird dort angezeigt, welche Kriterien zu"
PVTI_lADOB5z1484Akea5zgh0sgc,ISSUE,AV-EFI/AVefi-Issues,148,RECS-04: API-Endpoint für Recommendations bereitstellen,OPEN,,SHOULDHAVE; UserStory; Backend; Epic:Recommendations,EOltmanns,,2025-11-19T19:22:07Z,2025-11-27T14:03:05Z,,https://github.com/AV-EFI/AVefi-Issues/issues/148,7b6228270301bb7cf8c315b88b35032f4879fae88a05c54a539b2c317b9a8c1c,"# User Story Als Frontend-Entwickler*in möchte ich einen stabilen API-Endpoint für ähnliche Datensätze, damit das Frontend die Empfehlungen abrufen und im UI darstellen kann. # Kontext - Notwendige Grundlage für RECS-02. - Muss CORS, Pagination und Fallbacks unterstützen. # Akzeptanzkriterien - **Given** ein Werk-Handle wird an die API geschickt **When** der Endpoint verarbeitet die Anfrage **Then** liefert er eine sortierte Liste ähnlicher Datensätze inkl. Handle, Titel, Jahr, Herausgeber. - **"
PVTI_lADOB5z1484Akea5zgh0sgg,ISSUE,AV-EFI/AVefi-Issues,150,"EXPORT-01: Exportfunktionen für Werk-, Manifestations- und Item-Daten definieren und vereinheitlichen",OPEN,,UserStory; Backend; UNSCHARF; Frontend; Epic:Exporte,JStratil; tennismann3000; C-Stemmler,,2025-11-25T07:09:03Z,2026-05-20T09:46:27Z,,https://github.com/AV-EFI/AVefi-Issues/issues/150,9da748d2af1c23fa747553a30e1bba41bfc03da59bb0d01c76d27c3642fa5063,"# User Story Als Nutzer*in der AVefi-Plattform möchte ich Datensätze als CSV, XML oder JSON exportieren können, damit ich Ergebnisse aus der Recherche weiterverarbeiten, archivieren oder an Kolleg*innen weitergeben kann. # Kontext - Die erforderlichen Exportformate sind noch nicht abschließend definiert (CSV, XML, JSON). - Unklar ist, ob ein PDF-Export benötigt wird. - Es muss definiert werden, welche Felder pro Ebene exportiert werden: - Werk - Manifestation - Exemplar / Item - „Schnelle Ergebn"
PVTI_lADOB5z1484Akea5zgh0sgo,ISSUE,AV-EFI/AVefi-Issues,151,DQ-09: Harmonisierung von Genre „Dokumentation“ / „Documentary“,OPEN,,UserStory; Backend; UNSCHARF; Frontend; Epic:Datenqualität,tennismann3000,,2025-11-25T07:11:48Z,2025-12-02T10:42:59Z,,https://github.com/AV-EFI/AVefi-Issues/issues/151,aed4c62a752b8d47468ac2cf8cf26d14c1b328f68b27353914cf4189d2235dc3,"# User Story Als Datenpflegende*r oder Metadaten-Qualitätsverantwortliche*r möchte ich, dass die Gattungs- und Genre-Bezeichnungen wie „Dokumentation“ und „Documentary“ harmonisiert werden, damit die Suchfacetten, Statistiken und Darstellungen konsistent und fachlich korrekt sind. # Kontext - Rückmeldung aus der Metadatenfachgruppe. - Reported by: Niklas. - Unterschiedliche Schreibweisen / Sprachen führen zu: - falscher Facettenaggregation - doppelten Filtern - inkonsistenter Anzeige auf Werk-/M"
PVTI_lADOB5z1484Akea5zgh0sgs,ISSUE,AV-EFI/AVefi-Issues,153,BR-10: Bereitstellung GWDG Keycloak,OPEN,,,EOltmanns,,2025-11-27T14:12:14Z,2025-11-27T14:12:21Z,,https://github.com/AV-EFI/AVefi-Issues/issues/153,67e9d268379d6543805153a40e761997f29d4e8cbf54f9ee5f717ca9fabf391d,Produktiv-System ist erfolgreich angebunden an das Authenitfizierungssystem von Academic Cloud / GWDG
PVTI_lADOB5z1484Akea5zgh0sg0,ISSUE,AV-EFI/AVefi-Issues,154,FI-05: Match & Merge um Backend bereitstellen,OPEN,,SHOULDHAVE; Filmidentifikatorenansicht & Redaktionssystem; Epic:Filmidentifikatoren,EOltmanns,,2025-11-27T17:53:09Z,2025-11-27T17:53:41Z,,https://github.com/AV-EFI/AVefi-Issues/issues/154,,
PVTI_lADOB5z1484Akea5zgh0siM,ISSUE,AV-EFI/AVefi-Issues,93,FI-01: Duplikate von Filmen erkennen und anzeigen,OPEN,,SHOULDHAVE; UserStory; Backend; UNSCHARF; Epic:Filmidentifikatoren,EOltmanns,,2025-11-19T18:28:58Z,2025-11-27T17:51:33Z,,https://github.com/AV-EFI/AVefi-Issues/issues/93,2e7bb3579da3a90f0288ab17448ef94575c2eec5dae68bc5d1120d241e292a40,"# User Story Als Mitarbeiter*in einer filmhaltenden Institution möchte ich erkennen können, ob mehrere Film-Metadatensätze eigentlich dasselbe Werk beschreiben, damit Dubletten identifiziert und bereinigt werden können. # Kontext - Ursprüngliche Story war extrem unpräzise formuliert (nur „Dubletten finden“). - API- und Matching-Logik noch ungeklärt. - Unklar: Soll dies automatisch geschehen? Oder manuell angestoßen? - → Daher als **UNSCHARF** markiert. # Akzeptanzkriterien - **Given** es existie"
PVTI_lADOB5z1484Akea5zgh0siU,ISSUE,AV-EFI/AVefi-Issues,94,DQ-01: Vollständigkeitsindikator auf Werk-Ebene anzeigen,OPEN,,SHOULDHAVE; UserStory; Frontend; PUBLIC-RELEASE; Epic:Datenqualität,steffolino; EOltmanns,,2025-11-19T18:33:03Z,2025-11-27T18:23:47Z,,https://github.com/AV-EFI/AVefi-Issues/issues/94,281f8eeeddf32f8b3f75bbed85e03f6cd4e2f185917ef6d71af3e5538449980b,"# User Story Als Nutzer*in der AVefi-Plattform möchte ich auf Werk-Ebene einen klaren Hinweis sehen, wie vollständig die vorhandenen Metadaten sind, damit ich sofort einschätzen kann, wie gut der Datensatz für Recherchezwecke geeignet ist. # Kontext - Bereits mehrfach von Archiven angefragt. - Unterstützt schnelle Beurteilung eines Datensatzes. - Muss konsistent sein mit Manifestations- und Item-Level. # Akzeptanzkriterien - Anzeige eines einheitlichen Vollständigkeitsscores (z. B. 0–100 % oder "
PVTI_lADOB5z1484Akea5zgh0siY,ISSUE,AV-EFI/AVefi-Issues,95,DQ-02: Vollständigkeitsindikator auf Manifestationsebene anzeigen,OPEN,,SHOULDHAVE; UserStory; Frontend; PUBLIC-RELEASE; Epic:Datenqualität,steffolino; EOltmanns,,2025-11-19T18:33:15Z,2025-11-27T18:23:47Z,,https://github.com/AV-EFI/AVefi-Issues/issues/95,2a94c8241aad57d073ae731c70503bd8de95bf9a1d77a536a29a8cd83246bdaa,"# User Story Als Nutzer*in möchte ich zu jeder Manifestation sehen können, wie vollständig deren Felder gefüllt sind, damit ich zwischen gut und schlecht erfassten Manifestationen unterscheiden kann. # Kontext - Manifestationen enthalten viele optionale Felder. - Archivierende möchten Lücken erkennen. # Akzeptanzkriterien - Score pro Manifestation sichtbar. - Tooltip zeigt: „X von Y Feldern vorhanden“. - Lücken (fehlende Felder) müssen klar erkennbar sein."
PVTI_lADOB5z1484Akea5zgh0sic,ISSUE,AV-EFI/AVefi-Issues,96,DQ-03: Vollständigkeitsindikator auf Item-Ebene anzeigen,OPEN,,SHOULDHAVE; UserStory; Frontend; Epic:Datenqualität,steffolino; EOltmanns,,2025-11-19T18:33:32Z,2025-11-27T17:59:31Z,,https://github.com/AV-EFI/AVefi-Issues/issues/96,8e226ba374979617c1566f5925fea4ae9328add32377ce336a45083a6e8197e9,"# User Story Als Nutzer*in möchte ich auf Item-Ebene erkennen, welche Informationen fehlen, damit ich einschätzen kann, wie gut ein physisches oder digitales Exemplar erfasst ist. # Kontext - Items sind oft unvollständig (z. B. fehlende Dauer, Extent, Farben). - Archivierende benötigen Klarheit für Digitalisierungsentscheidungen. # Akzeptanzkriterien - Score am Item sichtbar. - Tooltip zeigt fehlende Pflichtfelder an. - Einheitliches UI gegenüber Werk & Manifestation."
PVTI_lADOB5z1484Akea5zgh0sig,ISSUE,AV-EFI/AVefi-Issues,97,"DQ-04: Fehlende Felder pro Ebene anzeigen (Werk, Manifestation, Item)",CLOSED,Done,MUSTHAVE; UserStory; Frontend; PUBLIC-RELEASE; Epic:Datenqualität,steffolino; tennismann3000,,2025-11-19T18:33:44Z,2026-02-17T14:25:53Z,2026-02-17T14:25:53Z,https://github.com/AV-EFI/AVefi-Issues/issues/97,9a7692b772e8bf6b190d603b10962436826fb9c8d36fd8f46bc44bb3299141f3,"# User Story Diese Story behandelt Endnutzer:innen Für Redakteur:innen siehe: https://github.com/AV-EFI/AVefi-Issues/issues/133 Als Archivar*in (Endnutzer:in) möchte ich eine klare Liste der fehlenden Felder sehen, damit ich sofort weiß, welche Informationen ergänzt werden müssen. # Kontext - Nutzer*innen haben explizit nach einer „fehlende Felder“-Liste gefragt. - Unterstützt Qualitätssicherung. # Akzeptanzkriterien - Für Werk, Manifestation und Item jeweils: - Liste aller fehlenden Pflichtfeld"
PVTI_lADOB5z1484Akea5zgh0sio,ISSUE,AV-EFI/AVefi-Issues,98,DQ-05: Einheitliches Farbsystem für Datenvollständigkeit definieren,OPEN,,SHOULDHAVE; Frontend,steffolino,,2025-11-19T18:33:55Z,2025-11-27T18:01:22Z,,https://github.com/AV-EFI/AVefi-Issues/issues/98,ef4c4dbbc9aef73bf40d031e4f3af1d8b13ba8044e6f704afd9442ad7a77df6e,"# User Story Als Nutzer*in möchte ich durch Farben intuitiv erkennen können, wie vollständig ein Datensatz ist, damit ich schneller entscheiden kann, welche Daten besonders verlässlich sind. # Kontext - Farben müssen mit AVefi-Designsystem kompatibel sein. - Muss barrierefrei sein (Kontrast!). # Akzeptanzkriterien - Farbcodierung: z. B. rot = schlecht, gelb = mittel, grün = gut. - Kontrast AA oder AAA. - Sass/Tailwind-Variablen dokumentiert."
PVTI_lADOB5z1484Akea5zgh0sis,ISSUE,AV-EFI/AVefi-Issues,99,DQ-06: Fehlende Pflichtfelder beim Import/Sync erkennen und markieren,OPEN,,UserStory; Backend; UNSCHARF; Epic:Datenqualität,EOltmanns,,2025-11-19T18:34:06Z,2025-11-27T18:02:12Z,,https://github.com/AV-EFI/AVefi-Issues/issues/99,46a0a464c3e2de621e671e2a0651ef6258c1ecc718679e59bab3a129e5965b05,"# User Story Als Datenmanager*in möchte ich beim Import oder Synchronisieren der Metadaten sehen, welche Pflichtfelder fehlen, damit ich Fehler frühzeitig beheben kann. # Kontext - Backend-Prozess ist nicht vollständig dokumentiert. - Abhängig von GWDG/TIB-Infrastruktur. # Akzeptanzkriterien - UNSCHARF: Bedarf Abstimmung mit Backend-Team."
PVTI_lADOB5z1484Akea5zgh0siw,ISSUE,AV-EFI/AVefi-Issues,101,DQ-08: Datenqualität als Facetten-Filter anbieten,OPEN,,SHOULDHAVE; UNSCHARF; Search,steffolino,,2025-11-19T18:34:29Z,2025-11-27T18:01:23Z,,https://github.com/AV-EFI/AVefi-Issues/issues/101,709438a3f778bcabe54d6673b0d22fad5967d05aa5b98cd679b8dbf0618e184b,"# User Story Als Nutzer*in möchte ich nach „hochwertigen“ bzw. „vollständigen“ Datensätzen filtern können, damit ich nur sehr gut erfasste Werke angezeigt bekomme. # Kontext - Nutzeranforderung aus Workflows großer Archive. - Umsetzung hängt von Schema-Definition ab. # Akzeptanzkriterien - UNSCHARF: Muss geklärt werden, ob Score durchsuchbar und aggregierbar ist."
PVTI_lADOB5z1484Akea5zgh0si0,ISSUE,AV-EFI/AVefi-Issues,102,HS-01: Herkunft und Herausgeber eines Film-Metadatensatzes klar anzeigen,OPEN,,UserStory; Frontend; Epic:Herausgeber,steffolino,,2025-11-19T18:35:16Z,2025-11-27T17:57:49Z,,https://github.com/AV-EFI/AVefi-Issues/issues/102,a238f9cb7e44073c12816182a38d756f6f115e07233f1d5b50dc4459499f4974,"# User Story Als Nutzer*in der AVefi-Plattform möchte ich auf einen Blick erkennen können, von welcher Institution bzw. welchen Institutionen ein Film-Metadatensatz stammt, damit ich die Vertrauenswürdigkeit, Herkunft und Verantwortung für die Daten nachvollziehen kann. # Kontext - Originale User Stories: ID 41 & ID 43, bisher unstrukturiert. - Diese Story ersetzt beide und normalisiert sie. - Die Information ist bereits im JSON vorhanden, aber teils in verschachtelter Form. - REPLACES: Issues #"
PVTI_lADOB5z1484Akea5zgh0si4,ISSUE,AV-EFI/AVefi-Issues,104,HS-02: Übersicht aller Datenquellen (Herausgeber) bereitstellen,OPEN,,UserStory; UNSCHARF; Frontend; Epic:Herausgeber,tennismann3000,,2025-11-19T18:35:42Z,2025-11-27T17:57:00Z,,https://github.com/AV-EFI/AVefi-Issues/issues/104,5b61fee213ccff3b4a0f71150c87f8e5467e56e08e2786ac1a12a4118625ab2d,"# User Story Als Nutzer*in möchte ich eine vollständige Übersicht aller Datenquellen/Herausgeber einsehen können, damit ich verstehe, welche Archive und Institutionen Daten zu AVefi beitragen. # Kontext - Ursprüngliche Story nur vage formuliert. - Es ist unklar, ob diese Übersicht im UI, in einer Dokumentationsseite oder als Facette erscheinen soll. - Deshalb als **UNSCHARF** markiert. # Offene Fragen - Soll diese Übersicht separat (eigene Seite) oder integriert (z. B. in „Über uns“) dargestellt"
PVTI_lADOB5z1484Akea5zgh0sjA,ISSUE,AV-EFI/AVefi-Issues,105,HS-03: Filter nach herausgebender Institution ermöglichen,CLOSED,Done,MUSTHAVE; UserStory; Search; PUBLIC-RELEASE; Epic:Herausgeber,tennismann3000,,2025-11-19T18:35:53Z,2025-12-12T10:48:59Z,2025-12-12T10:48:59Z,https://github.com/AV-EFI/AVefi-Issues/issues/105,a9ee1f33cf9291fa3e4350bd050af24df16cdead73804356776919ed24daf433,"# User Story Als Benutzer*in möchte ich nach der filmhaltenden Institution filtern können, damit ich gezielt die Daten einzelner Archive oder Verbände durchsuchen kann. # Kontext - Originale User Story ID 44 - Wichtig für wissenschaftliche Recherche, außerdem Bestandteil vieler Usability-Anforderungen. # Akzeptanzkriterien - **Given** die Suchoberfläche wird angezeigt **When** ich eine Institution auswähle **Then** wird das Ergebnis korrekt gefiltert und nur Datensätze dieser Institution angezei"
PVTI_lADOB5z1484Akea5zgh0sjE,ISSUE,AV-EFI/AVefi-Issues,106,HS-04: Herausgeber-Badge in Trefferliste anzeigen,OPEN,,UserStory; Frontend; Epic:Herausgeber,steffolino,,2025-11-19T18:36:05Z,2025-11-27T17:57:49Z,,https://github.com/AV-EFI/AVefi-Issues/issues/106,5e2b2a8c8701e9f62130747e76ca826b4dceab580810894af1098010caede924,"# User Story Als Nutzer*in möchte ich bereits in der Trefferliste visuell erkennen können, aus welcher Institution ein Werk stammt, damit ich schneller einschätzen kann, ob der Datensatz für meine Recherche relevant ist. # Kontext - Die Information existiert bereits in deinem ResultCard-Layout, aber nicht konsistent. - Besonders wichtig, wenn mehrere Institutionen denselben Filmtitel haben. # Akzeptanzkriterien - **Given** ein Suchergebnis wird gerendert **When** das Werk einen Herausgeber hat *"
PVTI_lADOB5z1484Akea5zgh0sjI,ISSUE,AV-EFI/AVefi-Issues,107,HS-05: Herausgeber-Informationen müssen mehrsprachig dargestellt werden,OPEN,,UserStory; Frontend; Epic:Herausgeber,steffolino,,2025-11-19T18:36:21Z,2025-11-27T17:58:04Z,,https://github.com/AV-EFI/AVefi-Issues/issues/107,f6662322c478784f7b8b346d62d936b49acad576b3dc35f425940b6dc3ac2849,"# User Story Als internationale*r Nutzer*in möchte ich Herausgeber-Informationen in meiner gewählten Sprache sehen können, damit ich die Quelle des Datensatzes korrekt verstehe. # Kontext - AVefi ist mehrsprachig → Herausgeberseiten müssen ebenfalls lokalisiert werden. # Akzeptanzkriterien - **Given** die UI-Sprache ist DE **When** Herausgebernamen Übersetzungen haben **Then** wird die deutsche Bezeichnung ausgegeben. - **Given** die UI-Sprache ist EN **When** ein Herausgeber eine englische Beze"
PVTI_lADOB5z1484Akea5zgh0sjM,ISSUE,AV-EFI/AVefi-Issues,108,LG-01: Oberfläche vollständig mehrsprachig darstellen (Frontend),CLOSED,Done,MUSTHAVE; UserStory; Frontend; PUBLIC-RELEASE; Epic:Mehrsprachigkeit,JStratil; EOltmanns; C-Stemmler,,2025-11-19T18:39:05Z,2026-04-16T07:18:34Z,2026-04-16T07:18:33Z,https://github.com/AV-EFI/AVefi-Issues/issues/108,393329169085e27eca73e21301ffd3c54b6157f081e182c1d0cf74cf0d397f6f,"# User Story Als internationale*r Nutzer*in möchte ich die AVefi-Oberfläche vollständig lokalisiert nutzen können damit ich alle Funktionen sprachunabhängig bedienen kann. # Kontext - Englisch & Deutsch sind Pflichtsprachen. - UI-Texte, Fehlermeldungen und Systemhinweise müssen vollständig übersetzt werden. # Akzeptanzkriterien - Alle UI-Texte in $t() eingebunden. - Fehlermeldungen + 0-Treffer-Meldungen übersetzt. - Labels, Buttons, Placeholder vollständig lokalisiert. - Sprachumschaltung ohne R"
PVTI_lADOB5z1484Akea5zgh0sjU,ISSUE,AV-EFI/AVefi-Issues,109,LG-02: Mehrsprachige Anzeige von Titeln und Metadaten,CLOSED,Done,MUSTHAVE; UserStory; Frontend; Epic:Mehrsprachigkeit,steffolino; JStratil; EOltmanns,,2025-11-19T18:39:17Z,2026-01-13T10:33:40Z,2026-01-13T10:29:06Z,https://github.com/AV-EFI/AVefi-Issues/issues/109,313ee0932eaec7729f1db974b74bcb7f0ef5d353c05b0aa2959cd3def7f47cce,"EDIT nach Feedback von @EOltmanns User Story Als Nutzer*in möchte ich, dass Facetten, Labels und sprachabhängige Werte gemäß meiner gewählten Sprache angezeigt werden, damit ich Inhalte besser einordnen und mit meiner Suchsprache abgleichen kann. Kontext Werke, Manifestationen und Items können mehrsprachige Titel oder Notizen besitzen. In der Detailseite sollen alle vorhandenen Titel in allen Sprachen angezeigt werden, jeweils mit klarer Angabe der Sprache (Beschluss Metadatenfachgruppe 13.11.20"
PVTI_lADOB5z1484Akea5zgh0sjg,ISSUE,AV-EFI/AVefi-Issues,111,"LG-04: Mehrsprachige Tooltips, Hinweise und Glossar-Integration",OPEN,Backlog,SHOULDHAVE; UserStory; Frontend; Epic:Mehrsprachigkeit,steffolino,,2025-11-19T18:39:44Z,2026-03-19T12:35:44Z,,https://github.com/AV-EFI/AVefi-Issues/issues/111,e14c45f6fa763034543e52b518303171b12baa16763ddd624224b2901ef5630f,"# User Story Als Nutzer*in möchte ich, dass alle erklärenden Tooltips und Hinweise in meiner Sprache angezeigt werden damit ich AVefi vollständig verstehe. # Kontext - Glossar bereits vorhanden, Integration aber nicht überall konsistent. https://www.av-efi.net/glossary # Akzeptanzkriterien - Alle Info-Icons nutzen i18n. - Glossar-Einbindung pro Begriff funktioniert in allen Sprachen. - Tooltip-Delay und Screenreader-Einbindung geprüft."
PVTI_lADOB5z1484Akea5zgh0sjo,ISSUE,AV-EFI/AVefi-Issues,112,LG-05: Sprachabhängige Darstellung von exemplarischen Datenquellen,CLOSED,Done,MUSTHAVE; UserStory; UNSCHARF; Epic:Mehrsprachigkeit,steffolino,,2025-11-19T18:39:56Z,2026-01-08T10:12:14Z,2026-01-08T10:12:14Z,https://github.com/AV-EFI/AVefi-Issues/issues/112,7f9ebe2cad50c32fd347cf31fb4b39b8a7f54b576fe9e5999a2f69126599e498,"# User Story Als Nutzer*in möchte ich sehen, welche Datenquellen in welcher Sprache verfügbar sind damit ich einordnen kann, woher einzelne Titelvarianten stammen. # Kontext - Teilweise unklar, wie Herausgeber sprachspezifische Inhalte liefern. - Eventuell Backend-Abhängigkeit. # Akzeptanzkriterien - Klärung erforderlich (Backend + Datenmodell). - Anzeige unterschiedlicher Sprachausprägungen pro Quelle."
PVTI_lADOB5z1484Akea5zgh0sjs,ISSUE,AV-EFI/AVefi-Issues,119,NC-01: Rücksprung zur Suche muss ursprünglichen Zustand herstellen,OPEN,,SHOULDHAVE; UserStory; Frontend; PUBLIC-RELEASE; Epic:Navigation,tennismann3000,Public Release,2025-11-19T19:03:20Z,2026-03-17T12:43:57Z,,https://github.com/AV-EFI/AVefi-Issues/issues/119,bd8bea7a0031a10a585cc5d62760388722ce6d15e2ea39c50d2ec89d526f9488,"# User Story Als Nutzer*in Veraltet: möchte ich beim Klick auf „Zurück zur Suche“ exakt zu meinem vorherigen Suchzustand zurückkehren damit ich meine Analyse fortsetzen kann, ohne die Suche neu konfigurieren zu müssen. @steffolino UPDATE Beschreibung # Kontext - Aktuell öffnet sich oft ein neuer Tab oder der Zustand geht verloren. - Usability-Test: Nutzer völlig verwirrt. - REPLACES: ältere Issues „Rückkehr zur Suche öffnet neuen Tab“. # Akzeptanzkriterien - Router rekonstruiert Query, Facetten,"
PVTI_lADOB5z1484Akea5zgh0sj0,ISSUE,AV-EFI/AVefi-Issues,120,NC-02: Breadcrumb zwischen Werk → Manifestation → Item,OPEN,,UserStory; Frontend; PUBLIC-RELEASE; Epic:Navigation,steffolino,Public Release,2025-11-19T19:03:26Z,2025-11-27T18:23:50Z,,https://github.com/AV-EFI/AVefi-Issues/issues/120,6e33f6600f2b65e50102e45a2599f069d0a4ec30ca8eb7de50887c67eb9b455e,"# User Story Als Nutzer*in möchte ich eine klare Breadcrumb-Navigation zwischen Werk, Manifestation und Item damit ich jederzeit weiß, wo ich mich in der Tektonik befinde. # Kontext - Mehrere Tester*innen fanden den Kontextwechsel „verwirrend“. - Tektonik wird ohne UI-Hilfe schlecht erkannt. # Akzeptanzkriterien - Breadcrumb zeigt Werk → Manifestation → Item. - Alle Teile sind klickbar. - Persistente Hervorhebung des aktuellen Levels."
PVTI_lADOB5z1484Akea5zgh0sj4,ISSUE,AV-EFI/AVefi-Issues,121,NC-03: Seitenwechsel darf Filter & Scrollposition nicht verlieren,OPEN,,UserStory; Frontend; PUBLIC-RELEASE; Epic:Navigation,steffolino,Public Release,2025-11-19T19:03:38Z,2025-11-27T18:23:50Z,,https://github.com/AV-EFI/AVefi-Issues/issues/121,b5f2b40b877ff287452abcdc874b13e8ccccc38420b962b414ebb3c00ba4b923,"# User Story Als Nutzer*in möchte ich bei Navigation zwischen Detailseiten meine zuvor gesetzten Filter, Scrollposition und den geöffneten Manifestations-/Item-Abschnitt behalten damit ich effizient vergleichen kann. # Kontext - Aktuell verliert die UI Scrollposition nach Seitenwechsel. - Nutzer*innen müssen neu scrollen oder Facetten wieder öffnen. # Akzeptanzkriterien - Scrollposition im Split-View wird gespeichert. - Geöffnete Panels bleiben geöffnet. - Facetten bleiben aktiv."
PVTI_lADOB5z1484Akea5zgh0sj8,ISSUE,AV-EFI/AVefi-Issues,122,NC-04: Tektonik-Navigation muss stabil und konsistent funktionieren,OPEN,,UserStory; UNSCHARF; Frontend; PUBLIC-RELEASE; Epic:Navigation,steffolino,Public Release,2025-11-19T19:03:47Z,2025-11-27T18:23:50Z,,https://github.com/AV-EFI/AVefi-Issues/issues/122,70c5ea1254e21c2de55b24d3dcc5b4b2605dbf12b67a6412d584aa07084377af,# User Story Als Nutzer*in möchte ich zuverlässig zwischen Werk → Manifestation → Item navigieren können damit ich alle Informationen ohne Kontextverlust einsehen kann. # Kontext - Mehrere Stellen unklar (WorkView / ManifestationSplit / ItemList). - Wird durch komplexe Komponenten-Struktur erschwert. # Akzeptanzkriterien - Genaue Definition erforderlich (UNSCHARF). - Kontext: Stabilität und Erwartbarkeit.
PVTI_lADOB5z1484Akea5zgh0skM,ISSUE,AV-EFI/AVefi-Issues,123,NC-05: Persistent Tabs auf Werk- und Manifestationsebene,OPEN,,UserStory; Frontend; PUBLIC-RELEASE; Epic:Navigation,steffolino,Public Release,2025-11-19T19:03:58Z,2025-11-27T18:23:50Z,,https://github.com/AV-EFI/AVefi-Issues/issues/123,d3f086f41ba21f80da8402a0d2d03f2c5e1e3a0806c32a175e6255666255c268,"# User Story Als Nutzer*in möchte ich, dass Tabs (z. B. „Metadaten“, „Manifestationen“, „Items“) ihren Zustand behalten damit ich beim Zurück-Navigieren nicht erneut auswählen muss. # Kontext - Teile des Interfaces resetten Tab-Auswahl. - Nutzer*innen verlieren Orientierung. # Akzeptanzkriterien - Tab-State per Route oder localStorage. - Kein Reset beim Zurückblatteln."
PVTI_lADOB5z1484Akea5zgh0skQ,ISSUE,AV-EFI/AVefi-Issues,124,NC-06: Navigation muss für Screenreader nachvollziehbar sein (A11y),OPEN,,UserStory; Accessibility; PUBLIC-RELEASE; Epic:Navigation,steffolino,Public Release,2025-11-19T19:04:09Z,2025-11-27T18:23:51Z,,https://github.com/AV-EFI/AVefi-Issues/issues/124,91e5d09ec8177c937cbd56aeba1bbdc717fb03cf117722efbc5dde5daaa45868,# User Story Als Screenreader-Nutzer*in möchte ich jeden Navigationsschritt eindeutig nachvollziehen können damit ich die Inhalte ohne Barrieren konsumieren kann. # Kontext - Aktuell fehlen ARIA landmarks. - Breadcrumb wird nicht korrekt vorgelesen. # Akzeptanzkriterien - ARIA-Navigation-Landmarks vorhanden. - Breadcrumb vorlesbar. - Fokus-Management korrekt umgesetzt.
PVTI_lADOB5z1484Akea5zgh0skY,ISSUE,AV-EFI/AVefi-Issues,125,NC-07: „Im neuen Tab öffnen“ klar anbieten,OPEN,,UserStory; Frontend; PUBLIC-RELEASE; Epic:Navigation,steffolino,Public Release,2025-11-19T19:04:20Z,2025-11-27T18:23:51Z,,https://github.com/AV-EFI/AVefi-Issues/issues/125,bfb7e86ae3d3c7e55875466a56a7e051f2387e1b47461a6e6a741c0fe80045c6,"# User Story Als erfahrene Nutzer*in möchte ich Datensätze bewusst in neuen Tabs öffnen können damit ich mehrere Vergleichsansichten parallel bearbeiten kann. # Kontext - Aktuell passiert ""neuer Tab"" unkontrolliert (Bug). - Soll optional, explizit sein. # Akzeptanzkriterien - Kontextmenü / Icon „In neuem Tab öffnen“. - Kein versehentliches Öffnen."
PVTI_lADOB5z1484Akea5zgh0tbY,ISSUE,AV-EFI/AVefi-Issues,75,PID-01: PID für einen Film-Metadatensatz registrieren,OPEN,,SHOULDHAVE; UserStory; Epic:PID-Verwaltung; Backend; Technical-Blocker,EOltmanns,,2025-11-19T18:10:55Z,2025-11-27T18:06:14Z,,https://github.com/AV-EFI/AVefi-Issues/issues/75,f084a26b6a9611b2999bb0b6fead9408de95e76ddc2dbdcdadb4cb54bd03c263,"# User Story Als Mitarbeiter*in einer filmhaltenden Institution möchte ich eine neue PID für einen Film-Metadatensatz registrieren können, damit der Datensatz dauerhaft zitierfähig und eindeutig identifizierbar ist. # Kontext - Must-Have laut Ursprungsboard. - Registrierung ist Voraussetzung für alle folgenden Aktionen (Auflösung, Zitation, Versionierung). - Backend-Logik über FDO/Handle-System muss vorhanden sein. - REPLACES: Issue #46 (veraltet, unvollständig, Unito-Artefakte). # Akzeptanzkrit"
PVTI_lADOB5z1484Akea5zgh0tbc,ISSUE,AV-EFI/AVefi-Issues,77,PID-03: PID eines Film-Metadatensatzes auflösen (Resolve aus Handle-System),OPEN,,UserStory; Epic:PID-Verwaltung; Backend; Technical-Blocker,EOltmanns,,2025-11-19T18:11:41Z,2025-11-27T18:07:50Z,,https://github.com/AV-EFI/AVefi-Issues/issues/77,2a6a85b15bad47e6a464bf1d4368e11a32691d58a647ef75cb9bfba3b3936d29,# User Story Als Nutzer*in oder externe Person möchte ich eine PID auflösen können damit ich direkt auf den zugehörigen Film-Metadatensatz zugreifen kann. # Kontext - Standard-Funktion von Handle-/FDO-Systemen. - Ohne Resolve funktioniert kein externer PID-Link. # Akzeptanzkriterien - **Given** ich öffne https://hdl.handle.net/21.11155/AF1BEFE7-6E44-41DF-8727-5EAF19503FF9 **When** die PID existiert **Then** werde ich eindeutig und korrekt zum zugehörigen Datensatz weitergeleitet. - **Given** die
PVTI_lADOB5z1484Akea5zgh0tbg,ISSUE,AV-EFI/AVefi-Issues,78,PID-04: Versionierung für PID-bezogene Metadatensätze definieren,OPEN,,UserStory; Epic:PID-Verwaltung; Backend; UNSCHARF,EOltmanns,,2025-11-19T18:12:01Z,2025-11-27T18:06:16Z,,https://github.com/AV-EFI/AVefi-Issues/issues/78,9898f673bbc31ab9e9bdacf0c3438ce525948f7dcb740fa6461d3ed99a306f2e,"# User Story Als Mitarbeiter*in einer filmhaltenden Institution möchte ich verstehen und steuern können, wie sich Versionierungen von PID-registrierten Datensätzen verhalten, damit spätere Änderungen korrekt nachvollziehbar bleiben. # Kontext ⚠️ **Diese Story war im Ursprung unvollständig formuliert.** Es ist unklar, ob AVefi Versionierung **automatisch**, **editorgesteuert** oder **PID-seitig** regeln soll. Bitte in Workshop mit Backend klären. # Akzeptanzkriterien - Definition, wann eine neue "
PVTI_lADOB5z1484Akea5zgh0tbk,ISSUE,AV-EFI/AVefi-Issues,79,PID-05: Dublettenprüfung über PID implementieren,OPEN,,UserStory; Epic:PID-Verwaltung; Backend; UNSCHARF,EOltmanns,,2025-11-19T18:12:16Z,2025-11-27T18:06:16Z,,https://github.com/AV-EFI/AVefi-Issues/issues/79,29bd594b3ca5f10ecbb47701eb53f53bd31de4c40f44b67524967c42daa4f960,"# User Story Als Mitarbeiter*in einer filmhaltenden Institution möchte ich Dubletten über PID-Informationen identifizieren können, damit ich doppelt angelegte Filme vermeiden oder zusammenführen kann. # Kontext ⚠️ Ursprungsstory war nur ein Satz ohne fachliche Details. # Akzeptanzkriterien - Muss definiert werden: - Welche Felder fließen in die Dublettenlogik ein? - Sind PIDs führend oder gleichberechtigt? - Muss es einen Merge-Prozess geben?"
PVTI_lADOB5z1484Akea5zgh0tbs,ISSUE,AV-EFI/AVefi-Issues,86,MI-06: Tektonische Übersicht von Manifestationen und Items anzeigen,OPEN,,UserStory; UNSCHARF; Epic:ManifestationItem,steffolino,,2025-11-19T18:20:46Z,2025-11-27T18:15:51Z,,https://github.com/AV-EFI/AVefi-Issues/issues/86,8211dbec06e8395c90644e3c21ccc943d26eac179a241f37ec17a47dac12d24b,"# User Story Als Benutzer*in möchte ich eine klare Übersicht der Werk-Tektonik erhalten damit ich die Beziehungen zwischen Werk, Manifestationen und Items verstehe. # Unklarheiten (UNSCHARF) - Welche UI-Darstellung wird gewünscht? Baumansicht? Liste? Mix? - Soll dies global gelten oder nur auf Detailseiten? - Wie interaktiv soll die Ansicht sein? # Akzeptanzkriterien (vorläufig) - Manifestationen werden gruppiert unterhalb des Werks angezeigt. - Items werden gruppiert unterhalb ihrer Manifestati"
PVTI_lADOB5z1484Akea5zgh0tb0,ISSUE,AV-EFI/AVefi-Issues,90,FI-04: Konflikte oder unklare Identifikatoren anzeigen,OPEN,,SHOULDHAVE; UserStory; UNSCHARF; Frontend; Epic:Filmidentifikatoren,EOltmanns,,2025-11-19T18:28:20Z,2025-11-27T17:51:32Z,,https://github.com/AV-EFI/AVefi-Issues/issues/90,963edba98e846d6d4ca579ab34e18d96f34da9f53bbbaed05f277b0e62c880d6,"# User Story Als Benutzer*in möchte ich erkennen, wenn Identifikatoren eines Werkes widersprüchlich oder unvollständig sind, damit ich verstehe, dass der Datensatz potenziell fehlerhaft ist. # Kontext - Original-Story nur angedeutet („Zitation nur PID-Handle?“ → völlig unklar). - Fehlerdefinitionen müssen noch festgelegt werden. # Akzeptanzkriterien - **Given** Identifikatoren stimmen nicht überein **Then** wird ein klarer Hinweis angezeigt. - **Given** ein Identifier kann nicht validiert werden"
PVTI_lADOB5z1484Akea5zgh0tb4,ISSUE,AV-EFI/AVefi-Issues,91,FI-03: Identifikatoren bearbeiten und verwalten (Redaktionssystem),OPEN,,SHOULDHAVE; UserStory; Backend; Epic:Filmidentifikatoren,EOltmanns,,2025-11-19T18:28:33Z,2025-11-27T17:51:32Z,,https://github.com/AV-EFI/AVefi-Issues/issues/91,f78e6fb3fe5cea35dad584f840408c8dc1434237844cc50cbf9ab5933d3c04c2,"# User Story Als Redakteur*in möchte ich Identifikatoren eines Film-Metadatensatzes bearbeiten, hinzufügen oder entfernen können, damit die Datenqualität verbessert und gepflegt werden kann. # Kontext - Nur für berechtigte Nutzer*innen. - Muss PID- und FDO-konform sein (keine ungültigen Mutationen). # Akzeptanzkriterien - **Given** ich bin berechtigt **When** ich einen Identifier bearbeite **Then** wird die Änderung gespeichert und in der Ansicht sichtbar. - **Given** ich entferne einen Identifi"
PVTI_lADOB5z1484Akea5zgh8wkg,ISSUE,AV-EFI/AVefi-Issues,156,SEARCH-08: Experten Modus und Einfachen Modus anbieten,OPEN,,UserStory; UNSCHARF; Search; Frontend,steffolino,,2025-12-01T15:58:25Z,2025-12-01T15:58:25Z,,https://github.com/AV-EFI/AVefi-Issues/issues/156,51eabdbb299e752e6e7069f14c6ebbd3e31a344bc70b3c3a7e1f7b624214ec1d,"Als Benutzer*in möchte ich zwischen einem einfachen Modus und einem Experten-Modus wechseln können, damit die Oberfläche je nach Kenntnisstand übersichtlich bleibt oder zusätzliche, erweiterte Optionen bietet. Kontext Die aktuellen Oberflächen enthalten komplexe Funktionen (z. B. erweiterte Facetten, Detailinformationen, Metadatenblöcke), die manche Nutzer*innen überfordern. Gleichzeitig benötigen Expert*innen Zugriff auf vollständige Metadaten, Filter und Analyseoptionen. Ein umschaltbarer Modu"
PVTI_lADOB5z1484Akea5zgh9A84,ISSUE,AV-EFI/AVefi-Issues,157,SEO-01: Als Google- oder KI-Nutzer möchte ich gerne die Informationen von AVefi verfügbar haben,OPEN,In Progress,,steffolino,,2025-12-01T17:13:16Z,2026-05-05T05:37:44Z,,https://github.com/AV-EFI/AVefi-Issues/issues/157,1b4af3f2cd50eec39c219b2882b3725f21079f3d1944f6c30ca3beba09e26afc,"Als Google-, Bing- oder KI-Nutzer möchte ich auf AVefi-Inhalte zugreifen können, damit Film-Metadaten aus AVefi in Suchmaschinen, KI-Assistenten und Chatbots auffindbar, nutzbar und korrekt repräsentiert werden. ## Kontext Aktuell ist AVefi in den Suchmaschinen kaum sichtbar. Für Filmrecherche, wissenschaftliche Nutzung und Wissensgraphen ist SEO ein Muss. KI-Assistenten (z. B. ChatGPT, Perplexity, Google Gemini) greifen zunehmend auf strukturierte, indexierbare Quellen zurück. AVefi bietet hoch"
PVTI_lADOB5z1484Akea5zgh9BJM,ISSUE,AV-EFI/AVefi-Issues,158,SEO-02: Content für SEO optimieren,OPEN,Backlog,MUSTHAVE; UserStory; PUBLIC-RELEASE; SEO,tennismann3000,Public Release,2025-12-01T17:14:15Z,2025-12-01T17:17:36Z,,https://github.com/AV-EFI/AVefi-Issues/issues/158,a41f0d236ffbb5f29d05189154e953756c0091910509bf07888786a689c5c225,"SEO-Content: Optimierte Titles, Meta-Descriptions und Landingpages erstellen Als Nutzer*in, der über Google oder KI-Systeme recherchiert, möchte ich klare, sprechende und relevante Inhalte von AVefi sehen, damit Filmwissen in Suchmaschinen sichtbar, verständlich und ansprechend präsentiert wird. Kontext Die Seite erzeugt technisch funktionierende Metadaten, jedoch: Titles sind teilweise generisch oder leer Meta-Descriptions fehlen oder sind zu technisch Indexierbare Landingpages fehlen (z. B. „D"
PVTI_lADOB5z1484Akea5zgh_vV8,ISSUE,AV-EFI/AVefi-Issues,152,DQ-10: Größe des Datenbestands,OPEN,Backlog,SHOULDHAVE; UNSCHARF; Datenqualität,EOltmanns; tennismann3000; matti-stoehr,,2025-11-27T12:59:38Z,2026-04-29T10:29:10Z,,https://github.com/AV-EFI/AVefi-Issues/issues/152,52f4891d00f2b35b20d6bd3cd2b5ef849e7a68c3d18fd857bad06dc7140f85a6,"User Story Als Projektteam möchte ich ein sinnvolles Mindestmaß und eine klare Obergrenze für den Datenbestand sowie eine Min-/Max-Anzahl an Datenlieferanten definieren, damit Plattformtests, Datenqualität und Performance sichergestellt sind. Hintergrund Ein zu kleiner Datenbestand liefert keine belastbaren Testumgebungen für Facetten, Trefferlisten, Normdaten oder Detailansichten. Ein zu großer oder zu heterogener Datenbestand kann hingegen Performance, Mapping und Datenqualität gefährden. Dahe"
PVTI_lADOB5z1484Akea5zgh_-44,ISSUE,AV-EFI/AVefi-Issues,161,"DQ-11: Schema-Anpassungen (TIB, HDF)",OPEN,,MUSTHAVE; Filmidentifikatorenansicht & Redaktionssystem; UserStory,EOltmanns; tennismann3000,,2025-12-02T12:52:28Z,2026-05-12T14:31:39Z,,https://github.com/AV-EFI/AVefi-Issues/issues/161,a6c67e40cf7a20daf35d2638d81c9885f988e1370b356081e8876b952433b5ec,"### User Story Die aktuellen Datenlieferungen der TIB und der HDF entsprechen nicht vollständig dem AVefi-Schema. Unterschiede bestehen u. a. bei: - Entfernung von Datensätzen [...] Damit die Datenlieferungen korrekt integriert werden können, müssen sowohl Importprozesse als auch Exportspezifikationen harmonisiert werden. Dieses Issue fasst die notwendigen Schritte für Schema-Vergleich, Mapping und technische Anpassung zusammen. ### Kontext TODO: Anpassen Klare Zuordnung aller Felder der Liefera"
PVTI_lADOB5z1484Akea5zgi3g1U,ISSUE,AV-EFI/AVefi-Issues,164,ANALYTICS-01: Matomo Analytics in AVefi integrieren,CLOSED,Done,SHOULDHAVE; Hilfe Feedback Kommunikation; Allgemein Rechtlich Pflicht,steffolino,,2025-12-22T08:04:02Z,2026-03-19T12:28:08Z,2026-03-19T12:27:34Z,https://github.com/AV-EFI/AVefi-Issues/issues/164,df989727044abfe009fd279abe1d40bca3e4251300f9db7a3006299e6320f73c,"### User Story Als AVefi-Projektteam / Betreiber möchte ich Nutzungsdaten datenschutzkonform mit Matomo erfassen damit Nutzung, Reichweite und UX-Probleme von AVefi nachvollziehbar analysiert und belegt werden können (intern, Förderkontext, Weiterentwicklung). ### Kontext AVefi benötigt eine DSGVO-konforme Webanalyse, unabhängig von kommerziellen Drittanbietern. Matomo (Self-Hosted / On-Premise) ist als Tool vorgesehen. Tracking soll transparent, minimal, datensparsam erfolgen. Ergebnisse dienen"
PVTI_lADOB5z1484Akea5zgkuk_c,ISSUE,AV-EFI/AVefi-Issues,166,"INT-EPIC: Improve user interaction (collections, dataset-quality feedback, annotations)",OPEN,Backlog,UNSCHARF,steffolino,,2026-02-03T08:15:03Z,2026-02-03T08:16:00Z,,https://github.com/AV-EFI/AVefi-Issues/issues/166,2e6fad004ae67842861afd116b1c1547ea2c66dc9d8434f774f06fb7ffd9d177,"Summary Create a parent epic that groups all user-participation features that improve long-term research workflows in AVefi—especially personal collections/lists and structured feedback on dataset quality—while keeping scope lightweight and compatible with AVefi’s public-release requirements. Why / Motivation Researchers need repeatable workflows beyond one-off search sessions (curation, lists, exports). Partner institutions benefit from actionable quality signals (structured feedback, traceable"
PVTI_lADOB5z1484Akea5zglKVZo,ISSUE,AV-EFI/AVefi-Issues,169,SEARCH-11: Clickable facets & entity names,OPEN,Backlog,SHOULDHAVE; Filmrecherche,steffolino; tennismann3000; C-Stemmler,,2026-02-10T08:44:51Z,2026-06-29T14:00:34Z,,https://github.com/AV-EFI/AVefi-Issues/issues/169,85b0e1d6dfbc06c2eae3b83e77432ff5cbb9a4da5fa57bee17318debc305657e,"### User Story Als Nutzer*in möchte ich in der Ergebnis- und Detailansicht auf angezeigte Facet-Werte (z. B. Genre, Ort, Sprache, Personen/Organisationen) klicken können, damit diese Werte direkt als Filter übernommen werden oder eine neue Suche in AVefi starten, ohne den Wert manuell kopieren zu müssen. ### Kontext In der aktuellen Result-/Detail-UI werden viele normalisierte Werte (z. B. has_genre.has_name, has_place_has_name, in_language, Personen/Organisationen) angezeigt, sind aber nicht in"
PVTI_lADOB5z1484Akea5zglO8CU,ISSUE,AV-EFI/AVefi-Issues,170,NORM-01: Normdatenaustausch – Übersicht zu Schlagworten & Genres (PoC → Produktivfeature),OPEN,In Progress,Datenqualität,steffolino; EOltmanns; tennismann3000,,2026-02-11T06:13:24Z,2026-02-11T06:19:27Z,,https://github.com/AV-EFI/AVefi-Issues/issues/170,c9e995ecbf203bd03a85d23777cf23496fff6b4b0bc16cc7dae3b996a17e2d7e,"### User Story Als Forscherin / Metadaten-Kuratorin / Verbundpartner möchte ich alle in AVefi vorhandenen Schlagwort- und Genre-Werte inklusive verknüpfter Normdaten und Datengeber sehen, um Normdaten-Abdeckung zu prüfen, Identifikatoren nachzunutzen und institutionsübergreifende Metadatenabgleiche zu unterstützen. Zusätzlich soll geprüft werden, ob Normdaten perspektivisch nicht nur angezeigt, sondern auch halbautomatisch oder kuratiert abgeglichen und angereichert werden können. --- ### Kontex"
PVTI_lADOB5z1484Akea5zgnpDio,ISSUE,AV-EFI/AVefi-Issues,188,CODEQUAL-01: Automatisierte Tests im Frontend implementieren,OPEN,In Progress,,steffolino,,2026-03-17T11:07:42Z,2026-03-17T11:07:42Z,,https://github.com/AV-EFI/AVefi-Issues/issues/188,59b41df9582eeb4d7eccf515a2495650b4255b855aa8dcc885562d14a33ad1e2,"### User Story Im Frontend fehlt derzeit eine ausreichende automatisierte Testabdeckung. Dies erhöht das Risiko von Regressionen und verringert die Zuverlässigkeit von Releases. Ziel dieses Issues ist es, eine strukturierte Teststrategie für das Frontend einzuführen und umzusetzen. ### Kontext Aktuell existieren keine oder nur sehr wenige automatisierte Tests im Frontend. Änderungen an Komponenten oder Logik können daher unbeabsichtigte Seiteneffekte verursachen, die erst spät erkannt werden. Ei"
PVTI_lADOB5z1484Akea5zglmaXc,ISSUE,AV-EFI/AVefi-Issues,171,CONTENT-02: FAQ (DE / ENG),OPEN,,MUSTHAVE,JStratil; tennismann3000,Public Release,2026-02-17T10:48:31Z,2026-04-29T10:26:34Z,,https://github.com/AV-EFI/AVefi-Issues/issues/171,7ad6df4e31fa7ab6cf2489fc5de92275264c63d9c4e2a94923b363ce56380a01,"[Referenz-Seite im Wiki](https://wiki.tib.eu/confluence/spaces/avefi/pages/456003291/AP1+-+Startseite+Content+f%C3%BCr+Public+Release#AP1Startseite%3AContentf%C3%BCrPublicRelease-FAQ) Als Nutzer möchte Antworten auf die meist gestellten Fragen erhalten, um einen schnellen Überblick zu Informationen zur Plattform zu bekommen. Sprachversionen: Deutsch / Englisch"
PVTI_lADOB5z1484Akea5zglq7e8,ISSUE,AV-EFI/AVefi-Issues,173,UX-01: Update AVefi Projekt Website UX,CLOSED,Done,Hilfe Feedback Kommunikation,matti-stoehr,,2026-02-18T09:14:19Z,2026-03-31T10:58:38Z,2026-03-31T10:58:38Z,https://github.com/AV-EFI/AVefi-Issues/issues/173,f1350ef94c6ac002b57a3dc94bd1e66df639c6fb701bdd81b4383e80f50cb55b,"**User Story** Als Projektteam möchten wir eine klare und konsistente Beschreibung des AVefi-UX-Ansatzes erstellen, damit Zielsetzung, Designprinzipien und Entwicklungsprozess verständlich dokumentiert und kommunizierbar sind. **Kontext** AVefi entwickelt eine webbasierte Forschungsinfrastruktur zur institutionsübergreifenden Erschließung audiovisueller Werke. Die UX muss komplexe, heterogene Film-Metadaten so aufbereiten, dass sie sowohl explorative Recherche als auch gezielte wissenschaftliche"
PVTI_lADOB5z1484Akea5zgmu8WE,ISSUE,AV-EFI/AVefi-Issues,178,Content-03: Update Projektseite für Public Release,CLOSED,Done,,JStratil; matti-stoehr,,2026-03-05T10:34:51Z,2026-06-23T13:08:40Z,2026-06-23T13:08:40Z,https://github.com/AV-EFI/AVefi-Issues/issues/178,27b2afb8bb3944168b17636f651fbca989a929184ad65029a5ebbfc42354134e,"### User Story Als Projektteam wollen wir eine aktuelle Projektseite für den Public Release der Plattform haben, damit Nutzer aktuelle Informationen zum Projekt finden. -Banneraktualisierung, MCDCI-Logo @matti-stoehr Startseite: Willkommenstext (allgemeiner, Projekt seit 2023), prominente Platzierung der Plattform mit Vorschau (Bild), - News: zweite Phase und Public Release nachträglich ergänzen - Materialien: Kick-Off-Folien; Nilas FilmRestored; Projektantrag zweite Phase @matti-stoehr, Corpora"
PVTI_lADOB5z1484Akea5zgnnrEE,ISSUE,AV-EFI/AVefi-Issues,155,SEARCH-07: Fuzzy Search funktioniert wie erwartet,OPEN,,MUSTHAVE; Search,JStratil; EOltmanns,Public Release,2025-12-01T11:12:53Z,2026-06-22T05:32:52Z,,https://github.com/AV-EFI/AVefi-Issues/issues/155,7e7658b0dc2cf01088024886e0853195b785170bafaad60953ac5bc4bcc1d1fb,"# User Story Als Benutzer*in möchte ich auch dann relevante Suchergebnisse finden, wenn ich mich vertippe oder nur ungefähr weiß, wie ein Titel oder Name geschrieben wird, damit ich Suchergebnisse nicht aufgrund kleiner Tippfehler oder unscharfer Eingaben verpasse. # Hintergrund Die aktuelle Suche liefert korrekte Ergebnisse nur bei exakt übereinstimmenden Zeichenfolgen. In der Praxis kommen jedoch häufig folgende Fälle vor: - Tippfehler (""Sonnenalle"" statt ""Sonnenallee"") - Vertauschte Buchstabe"
PVTI_lADOB5z1484Akea5zgnosIk,ISSUE,AV-EFI/AVefi-Issues,187,PLATFORM-01: Wartungshinweis bei Service-Unterbrechung anzeigen,OPEN,Backlog,SHOULDHAVE; Hilfe Feedback Kommunikation,steffolino; JStratil,,2026-03-17T09:58:32Z,2026-03-17T09:58:32Z,,https://github.com/AV-EFI/AVefi-Issues/issues/187,efff84783d475d4024b941f2c41f20f0a0978524e8d8f075b4c9609997100fd9,"### User Story Als Nutzer*in der Plattform möchte ich bei geplanten oder laufenden Wartungen/Updates einen klar sichtbaren Hinweis erhalten, damit ich verstehe, warum der Dienst eingeschränkt oder nicht verfügbar ist. ### Kontext Aktuell gibt es keinen standardisierten Hinweis auf der Plattform, wenn der Dienst aufgrund von Updates oder Maintenance unterbrochen ist. Dieser Fall wurde von Sven eingebracht und sollte berücksichtigt werden, um Transparenz gegenüber den Nutzer*innen sicherzustellen."
PVTI_lADOB5z1484Akea5zgn0cOY,ISSUE,AV-EFI/AVefi-Issues,174,EFI-01: EFI-Label im Frontend sichtbarer machen,OPEN,Backlog,SHOULDHAVE,steffolino; EOltmanns,Public Release,2026-02-24T10:42:44Z,2026-03-19T07:37:13Z,,https://github.com/AV-EFI/AVefi-Issues/issues/174,cb0bb3ba233e46f5e539ba18e105b570c07ca0da024b1c260782a26fe4e424ea,"EFI als zentrales Identifikationsmerkmal im UI konsequenter und prominenter anzeigen. „EFI“ explizit als Label schreiben (nicht nur ID anzeigen) In Suchergebnissen und Detailansichten prüfen Einheitliche Darstellung auf Werk-, Manifestations- und Item-Ebene ggf. als Badge oder mit Tooltip („Persistenter Filmidentifikator“) Ziel: Sichtbarkeit des PID/EFI-Mehrwerts im Interface stärken."
PVTI_lADOB5z1484Akea5zgn1fLk,ISSUE,AV-EFI/AVefi-Issues,81,MI-02: Items müssen gefiltert und konsistent zur Manifestation angezeigt werden,OPEN,,UserStory; Technical-Blocker; Epic:ManifestationItem; Search; PUBLIC-RELEASE,tennismann3000; C-Stemmler,,2025-11-19T18:19:18Z,2026-03-19T11:14:40Z,,https://github.com/AV-EFI/AVefi-Issues/issues/81,41f37fbfc94267e20ea9805885110633672b65a846b320778887b18901439e66,"# User Story Als Nutzer*in möchte ich innerhalb jeder Manifestation nur die Items sehen, die zu meinen gewählten Filtern passen, damit ich schnell das richtige Material finde. # Kontext - Das Verhalten muss exakt wie bei Manifestationen sein. - Fehlerquelle: Items werden manchmal un-gefiltert angezeigt. - Kritisch für Produktionsjahr, Sprache, Format etc. # Akzeptanzkriterien - **Given** ich habe Sprache, Format oder Produktionsjahr gefiltert **When** Items einer Manifestation angezeigt werden *"
PVTI_lADOB5z1484Akea5zgrNFoA,ISSUE,AV-EFI/AVefi-Issues,199,GOV-01: Improve Accessibility and Quality of Metadata Group Documentation,OPEN,,,steffolino; JStratil,,2026-04-21T10:29:59Z,2026-04-30T12:49:30Z,,https://github.com/AV-EFI/AVefi-Issues/issues/199,734465c693a0d5eff016518f9db95997a4de963460475d701ffb7e0dc0db382e,"## Context Analysis of the Confluence documentation of the Metadatenfachgruppe (2023–2026) shows recurring structural issues in how information is documented and reused across the project. Observed patterns: - Information is primarily stored in meeting protocols (unstructured) - Content is difficult to navigate and not consolidated - Decisions are not consistently separated from discussions - Repeated coordination would be required after meetings (e.g. follow-up via email) At the same time, the "
PVTI_lADOB5z1484Akea5zgrXK0g,ISSUE,AV-EFI/AVefi-Issues,201,"Verlinkung von ""Hermann Schlenker bei AVefi"" im Carousel",OPEN,,,steffolino; JStratil,,2026-04-29T10:01:21Z,2026-04-29T10:01:21Z,,https://github.com/AV-EFI/AVefi-Issues/issues/201,33e82c4dc4dff25b0238c950bb2efb91687ef10dc96172b07306a796766ef575,"Als Nutzer möchte ich alle Treffer von Hermann Schlenker auf der Plattform angezeigt bekommen, wenn ich auf den Link im Carousel auf Startseite klicke (""Hermann Schlenker bei AVefi""). Aktuell sind alle Einträge zu Hermann Schlenker als Produzent/Hermann Schlenker Produktion (152) verlinkt. Mit einer Suche in einfachen Anführungszeichen findet man Hermann Schlenker 275 Mal."
PVTI_lADOB5z1484Akea5zgr1z8U,ISSUE,AV-EFI/AVefi-Issues,202,BUG: Duplikate Schlagworte in Datensätzen,OPEN,,bug,EOltmanns,,2026-05-05T11:21:13Z,2026-05-05T11:47:30Z,,https://github.com/AV-EFI/AVefi-Issues/issues/202,d03cabf6dfd798cdd80a681903d2055774ecb887ee0b79a022a962c599179b05,"Die beiden Werke zeigen einzelne Schlagworte mehrfach (Arzt, Krankenschwester, ..): https://www.av-efi.net/search/?query=%22St%C3%A4dtisches%20Krankenhaus%20Paulinenstra%C3%9Fe%22 In Elasticsearch stehen die Subjects auch mehrfach, z.B. für den handle: 21.11155/586A137B-CA28-4D04-BB1B-EA078E9A3503 http://141.5.105.237:5601/app/discover#/doc/29978e27-07ec-4f8a-9754-ea9c9d2fb773/21.11155-denormalised-work?id=586A137B-CA28-4D04-BB1B-EA078E9A3503 In den Detail-Ansichten werden doppelte Werte momenta"
PVTI_lADOB5z1484Akea5zgvB7-8,ISSUE,AV-EFI/AVefi-Issues,206,LEGAL-01: Lizenzen für Repos in gitlab und github,OPEN,,Allgemein Rechtlich Pflicht; Epic:Lizenzen,steffolino; EOltmanns,,2026-06-08T09:47:56Z,2026-06-08T09:47:56Z,,https://github.com/AV-EFI/AVefi-Issues/issues/206,4f5cdf7e2f7d7bb1a5543a149b651642e076a5bfa8cd2d9eda5264fdc01d9073,"### User Story Eher Meta: Ich hab gerade gesehen, dass nicht alle AVefi-Repos eine Lizenz haben (speziell frontend). Die meistvergebene Lizenz ist MIT. Vergeben wir hier einheitliche eine Lizenz für alle? Wenn ja welche? Ist low prio, nur der Vollständigkeit halber mit aufgenommen. ### Kontext Bitte fülle die folgenden Abschnitte aus falls Anpassungen erforderlich sind. ### Akzeptanzkriterien Bitte fülle die folgenden Abschnitte aus falls Anpassungen erforderlich sind. ### Technische Notizen / I"
